{
    "competencies": {
        "frontend": [
            {
                "name": "HTML",
                "score": 8
            },
            {
                "name": "JavaScript",
                "score": 9
            },
            {
                "name": "CSS",
                "score": 10
            }
        ],
        "backend": [
            {
                "name": "Jinja2",
                "score": 2
            },
            {
                "name": "python",
                "score": 2
            },
            {
                "name": "JavaScript",
                "score": 8
            },
            {
                "name": "Algolia",
                "score": 9
            },
            {
                "name": "JSON",
                "score": 6
            },
            {
                "name": "nodejs",
                "score": 4
            },
            {
                "name": "pip",
                "score": 6
            },
            {
                "name": "poetry",
                "score": 8
            }
        ],
        "data_science": [],
        "devops": [
            {
                "name": "skaffold",
                "score": 4
            },
            {
                "name": "docker",
                "score": 2
            },
            {
                "name": "gcloud",
                "score": 2
            },
            {
                "name": "bash",
                "score": 4
            },
            {
                "name": "Prometheus",
                "score": 8
            },
            {
                "name": "Thanos",
                "score": 2
            },
            {
                "name": "Mimir",
                "score": 2
            },
            {
                "name": "AlertManager",
                "score": 6
            },
            {
                "name": "Robusta",
                "score": 8
            },
            {
                "name": "Kubernetes",
                "score": 9
            },
            {
                "name": "Ansible",
                "score": 7
            },
            {
                "name": "helm",
                "score": 8
            },
            {
                "name": "prometheus",
                "score": 8
            },
            {
                "name": "kubernetes",
                "score": 8
            }
        ],
        "qa": [
            {
                "name": "pytest",
                "score": 6
            }
        ],
        "embedded": [],
        "gamedev": [],
        "mobile": [],
        "other": [
            {
                "name": "PostHog",
                "score": 2
            },
            {
                "name": "Segment",
                "score": 1
            },
            {
                "name": "Matomo",
                "score": 3
            },
            {
                "name": "Google Analytics",
                "score": 3
            },
            {
                "name": "bash",
                "score": 8
            },
            {
                "name": "poetry",
                "score": 6
            },
            {
                "name": "robusta-cli",
                "score": 2
            },
            {
                "name": "yaml",
                "score": 4
            }
        ]
    },
    "resume": "Разработчик имеет широкий спектр компетенций, включая в себя веб-разработку (HTML, JavaScript, CSS), опыт работы с базами данных и фреймворками (Jinja2, Python, Node.js), а также знания в области DevOps (Kubernetes, Ansible, Helm). Сильными сторонами разработчика можно назвать его опыт работы с фронтенд-технологиями, а также умение работать с различными инструментами мониторинга и управления инфраструктурой (Prometheus, Thanos, AlertManager). Слабыми сторонами можно назвать ограниченный опыт работы с некоторыми инструментами, такими как Segment и Matomo, а также относительно низкий уровень знаний в области Python и Docker.",
    "repo_name": "robusta-dev/robusta"
}