{"competencies": {"frontend": [{"name": "CSS", "score": 8}, {"name": "Tailwind CSS", "score": 9}, {"name": "tailwindcss", "score": 8}, {"name": "css", "score": 4}, {"name": "html", "score": 2}, {"name": "HTML", "score": 8}, {"name": "TypeScript", "score": 6}, {"name": "Google Fonts", "score": 4}, {"name": "Open Graph", "score": 4}, {"name": "Twitter Card", "score": 4}], "backend": [{"name": "Python", "score": 10}, {"name": "typescript", "score": 6}, {"name": "javascript", "score": 4}, {"name": "PEP8", "score": 4}, {"name": "PyGitHub", "score": 2}], "data_science": [], "devops": [{"name": "GitHub Actions", "score": 4}], "qa": [], "embedded": [], "gamedev": [], "mobile": [], "other": [{"name": "Trunk", "score": 6}, {"name": "Sweep AI", "score": 10}]}, "resume": "Разработчик имеет широкий спектр компетенций, особенно веб-разработки и программирования. Он демонстрирует высокий уровень владения CSS и фреймворком Tailwind CSS, а также имеет хорошие навыки в Python, TypeScript и JavaScript. Однако ему требуется улучшение в области HTML, поскольку оценки за HTML и html разные, что может указывать на некоторую несогласованность в навыках.\n\nСильные стороны: \n- CSS, Tailwind CSS, Python\n\nСлабые стороны: \n- HTML", "repo_name": "abi/screenshot-to-code"}