{"competencies": {"frontend": [{"name": "SVG", "score": 8}], "backend": [{"name": "go", "score": 9}, {"name": "ruby", "score": 6}, {"name": "Go", "score": 2}, {"name": "golang", "score": 2}], "data_science": [], "devops": [{"name": "Docker", "score": 8}, {"name": "containerd", "score": 6}, {"name": "moby", "score": 4}, {"name": "Docker Compose", "score": 4}, {"name": "fuse-overlayfs", "score": 10}, {"name": "systemd", "score": 8}, {"name": "docker", "score": 6}, {"name": "cgroups", "score": 4}, {"name": "Linux", "score": 4}, {"name": "vagrant", "score": 9}, {"name": "virtualbox", "score": 4}, {"name": "libvirt", "score": 4}, {"name": "rsync", "score": 3}, {"name": "runj", "score": 3}, {"name": "Git", "score": 8}, {"name": "Systemd", "score": 6}, {"name": "choco", "score": 6}, {"name": "CNI", "score": 7}, {"name": "curl", "score": 4}, {"name": "tar", "score": 3}, {"name": "git", "score": 2}, {"name": "make", "score": 7}, {"name": "gzip", "score": 5}], "qa": [], "embedded": [], "gamedev": [], "mobile": [], "other": [{"name": "Apache License", "score": 2}, {"name": "MIT License", "score": 2}, {"name": "pty", "score": 2}, {"name": "bash", "score": 8}, {"name": "freebsd", "score": 8}, {"name": "IPFS", "score": 5}, {"name": "PowerShell", "score": 8}]}, "resume": "Разработчик имеет широкий спектр компетенций, особенно в области контейнеризации и виртуализации, с сильными навыками в работе с Docker, контейнерами и системами виртуализации. Он также демонстрирует хорошие знания в области системного администрирования, включая управление системными процессами и конфигурацию сетей. Однако его знания в области программирования на некоторых языках, таких как Ruby, выглядят несколько ограниченными.", "repo_name": "containerd/nerdctl"}