{"competencies": {"frontend": [], "backend": [], "data_science": [], "devops": [], "qa": [], "embedded": [], "gamedev": [], "mobile": [], "other": []}, "resume": "Разработчик обладает разнообразным набором навыков, включая опыт работы с современными программными языками, такими как JavaScript, Python и Java, а также знаниями в области баз данных и систем управления версиями. Он демонстрирует сильные стороны в разработке веб-приложений и мобильных приложений, а также имеет опыт работы с облачными технологиями. Однако ему необходимо улучшить свои навыки в области машинного обучения и искусственного интеллекта, чтобы расширить свои возможности в этой области.", "repo_name": "plotly/dash"}