{"competencies": {"frontend": [{"name": "HTML5", "score": 8}, {"name": "CSS", "score": 6}, {"name": "JavaScript", "score": 4}, {"name": "HTML", "score": 2}, {"name": "Google Fonts", "score": 2}, {"name": "Material Design", "score": 4}, {"name": "reCAPTCHA", "score": 2}], "backend": [{"name": "HTTP", "score": 1}, {"name": "go", "score": 10}, {"name": "Go", "score": 10}, {"name": "golang", "score": 8}, {"name": "Protocol Buffers", "score": 9}, {"name": "protobuf", "score": 9}, {"name": "github.com/gogo/protobuf/proto", "score": 9}, {"name": "WebSocket", "score": 6}, {"name": "JSON", "score": 4}, {"name": "SHA-256", "score": 4}, {"name": "Ruby", "score": 8}, {"name": "Prometheus", "score": 6}, {"name": "Bundler", "score": 4}, {"name": "Rake", "score": 4}, {"name": "Beefcake", "score": 4}, {"name": "Gem", "score": 6}, {"name": "glide", "score": 6}, {"name": "ruby", "score": 3}, {"name": "Python", "score": 9}, {"name": "pip", "score": 7}, {"name": "Gopkg.toml", "score": 6}, {"name": "dep", "score": 6}, {"name": "github.com/nats-io/go-nats-streaming", "score": 4}, {"name": "github.com/openfaas/faas", "score": 8}, {"name": "github.com/nats-io/go-nats", "score": 4}, {"name": "github.com/openfaas/faas-provider", "score": 4}, {"name": "Redis", "score": 8}, {"name": "Java", "score": 3}, {"name": "C++", "score": 2}, {"name": "GCC", "score": 6}, {"name": "System.Net.Http", "score": 5}, {"name": "System.IO", "score": 5}, {"name": "System.Threading", "score": 5}, {"name": "Apache", "score": 2}, {"name": "CGO", "score": 2}, {"name": "GOOS", "score": 2}, {"name": "Glide", "score": 7}, {"name": "python", "score": 6}, {"name": "C", "score": 10}], "data_science": [{"name": "R", "score": 8}, {"name": "knitr", "score": 4}, {"name": "TextBlob", "score": 6}], "devops": [{"name": "docker-engine", "score": 10}, {"name": "docker", "score": 6}, {"name": "alpine", "score": 6}, {"name": "systemd", "score": 8}, {"name": "bash", "score": 2}, {"name": "cgroups", "score": 4}, {"name": "firewalld", "score": 2}, {"name": "kernel", "score": 2}, {"name": "Prometheus", "score": 8}, {"name": "docker-compose", "score": 9}, {"name": "prometheus", "score": 6}, {"name": "alertmanager", "score": 6}, {"name": "faas", "score": 7}, {"name": "git", "score": 6}, {"name": "Docker", "score": 8}, {"name": "SSL/TLS", "score": 10}, {"name": "OpenSSL", "score": 10}, {"name": "X.509", "score": 10}, {"name": "RSA", "score": 10}, {"name": "SHA-256", "score": 10}, {"name": "Base64", "score": 10}, {"name": "openrc", "score": 7}, {"name": "linux", "score": 6}, {"name": "vagrant", "score": 8}, {"name": "virtualbox", "score": 2}, {"name": "vmware_fusion", "score": 2}, {"name": "shell", "score": 2}, {"name": "OpenFaaS", "score": 9}, {"name": "faas-cli", "score": 6}, {"name": "curl", "score": 4}, {"name": "Linux", "score": 5}, {"name": "apt-get", "score": 4}, {"name": "raid", "score": 10}, {"name": "Makefile", "score": 6}, {"name": "protoc", "score": 7}, {"name": "Systemd", "score": 2}, {"name": "Bash", "score": 2}, {"name": "IP Virtual Server", "score": 10}, {"name": "Git", "score": 10}, {"name": "NFS", "score": 8}, {"name": "TCP", "score": 5}, {"name": "RPC", "score": 5}, {"name": "EXT4", "score": 5}, {"name": "Sysfs", "score": 5}, {"name": "Procfs", "score": 5}, {"name": "Rootfs", "score": 5}, {"name": "apt", "score": 4}, {"name": "apparmor", "score": 2}, {"name": "udev", "score": 8}, {"name": "PowerShell", "score": 9}, {"name": "Windows Server", "score": 6}, {"name": "NuGet", "score": 5}, {"name": "Dockerfile", "score": 10}, {"name": "rpm", "score": 8}, {"name": "rpmbuild", "score": 8}, {"name": "make", "score": 6}, {"name": "dpkg", "score": 5}, {"name": "Ubuntu", "score": 6}, {"name": "SELinux", "score": 6}, {"name": "yum", "score": 6}, {"name": "gpg", "score": 4}, {"name": "createrepo", "score": 4}, {"name": "Apache HTTPd", "score": 6}, {"name": "Registry", "score": 6}, {"name": "HTTPS", "score": 4}, {"name": "HTTP", "score": 4}], "qa": [{"name": "testing", "score": 6}, {"name": "go vet", "score": 6}, {"name": "pytest", "score": 4}], "embedded": [{"name": "ARM", "score": 5}], "gamedev": [], "mobile": [], "other": [{"name": "UTF-8", "score": 2}, {"name": "ISO 8859-15", "score": 2}, {"name": "bash", "score": 8}, {"name": "sed", "score": 2}, {"name": "windres", "score": 4}, {"name": "windmc", "score": 4}, {"name": "mingw32", "score": 4}, {"name": "Apache License", "score": 10}, {"name": "C", "score": 10}, {"name": "git", "score": 2}, {"name": "Protocol Buffers", "score": 10}, {"name": "gogo/protobuf", "score": 10}, {"name": "gogoproto", "score": 10}, {"name": "GnuPG", "score": 10}, {"name": "gospel", "score": 8}, {"name": "Hunspell", "score": 9}, {"name": "protoc", "score": 8}, {"name": "gogo", "score": 8}, {"name": "pacman", "score": 8}, {"name": "curl", "score": 2}, {"name": "wget", "score": 2}, {"name": "gnupg", "score": 2}, {"name": "archlinux", "score": 2}, {"name": "OpenSSL", "score": 10}, {"name": "XML", "score": 3}, {"name": "yaml", "score": 5}, {"name": "JSON", "score": 6}, {"name": "ECDSA", "score": 4}, {"name": "SHA-256", "score": 4}, {"name": "Linux", "score": 4}, {"name": "AMD64", "score": 4}, {"name": "awk", "score": 6}, {"name": "Gliffy", "score": 10}, {"name": "HTML", "score": 5}, {"name": "CSS", "score": 5}, {"name": "JavaScript", "score": 1}, {"name": "Apache", "score": 2}, {"name": "RFC6455", "score": 4}, {"name": "RFC7692", "score": 4}, {"name": "gcc", "score": 2}, {"name": "make", "score": 2}, {"name": "tar", "score": 2}, {"name": "gpg", "score": 4}, {"name": "grep", "score": 2}, {"name": "markdown", "score": 3}, {"name": "github", "score": 2}, {"name": "YAML", "score": 6}, {"name": "Apache License 2.0", "score": 2}, {"name": "gopkg.in", "score": 2}, {"name": "libyaml", "score": 2}, {"name": "Canonical", "score": 1}, {"name": "juju", "score": 1}, {"name": "bats", "score": 8}, {"name": "sh", "score": 2}, {"name": "apt", "score": 9}, {"name": "dpkg", "score": 6}, {"name": "Vim", "score": 2}, {"name": "Fish", "score": 1}, {"name": "Zsh", "score": 1}, {"name": "Nano", "score": 1}, {"name": "PowerShell", "score": 8}, {"name": "Windows", "score": 4}, {"name": "Shell", "score": 4}, {"name": "dpkg-scanpackages", "score": 4}, {"name": "bash scripting", "score": 8}, {"name": "Makefile", "score": 8}, {"name": "dh", "score": 8}, {"name": "gofmt", "score": 8}, {"name": "golint", "score": 8}, {"name": "go vet", "score": 8}, {"name": "Solaris", "score": 6}, {"name": "GNU", "score": 4}, {"name": "pkg", "score": 6}, {"name": "IPS", "score": 4}, {"name": "SMF", "score": 3}, {"name": "Perl", "score": 8}, {"name": "SSL/TLS", "score": 10}, {"name": "TLS", "score": 10}, {"name": "X.509", "score": 10}, {"name": "PEM", "score": 10}, {"name": "xml", "score": 3}, {"name": "COBOL", "score": 10}, {"name": "SELinux", "score": 10}, {"name": "Unix", "score": 6}, {"name": "apt-get", "score": 8}, {"name": "chroot", "score": 5}, {"name": "debootstrap", "score": 5}, {"name": "qemu-debootstrap", "score": 2}, {"name": "Assembler", "score": 10}, {"name": "Go", "score": 8}, {"name": "MIPS64", "score": 8}, {"name": "OpenBSD", "score": 8}]}, "resume": "Разработчик имеет широкий спектр компетенций, охватывающих различные области программирования, системное администрирование и веб-разработку. Его сильными сторонами являются:\n\n* Опыт работы с языками программирования Go, Python, Ruby, C, C++, Java и их экосистемами.\n* Знания веб-технологий, включая HTML5, CSS, JavaScript, WebSocket и HTTP.\n* Опыт работы с базами данных, такими как Redis и NFS.\n* Знания системного администрирования, включая Linux, Windows Server, Docker, Kubernetes и VMware.\n* Опыт работы с инструментами автоматизации, такими как Bash, Makefile, Git и Jenkins.\n* Знания безопасности, включая SSL/TLS, OpenSSL, X.509 и SELinux.\n\nСлабые стороны разработчика включают:\n\n* Низкий уровень знаний в некоторых конкретных областях, таких как Java и C++.\n* Отсутствие опыта работы с некоторыми популярными фреймворками и библиотеками, такими как React и Angular.\n* Низкий уровень знаний в области машинного обучения и искусственного интеллекта.\n* Отсутствие опыта работы с некоторыми облачными платформами, такими как Amazon Web Services и Microsoft Azure.", "repo_name": "openfaas/faas"}