{"competencies": {"frontend": [{"name": "SVG", "score": 10}, {"name": "React", "score": 8}, {"name": "JavaScript", "score": 7}, {"name": "Ant Design", "score": 9}, {"name": "nextjs", "score": 7}, {"name": "CSS", "score": 2}, {"name": "HTML", "score": 2}, {"name": "SCSS", "score": 8}, {"name": "Bootstrap", "score": 9}, {"name": "Next.js", "score": 6}], "backend": [{"name": "nodejs", "score": 9}, {"name": "npm", "score": 6}, {"name": "javascript", "score": 8}, {"name": "OpenAPI", "score": 8}, {"name": "C#", "score": 2}, {"name": "openapi-generator", "score": 9}, {"name": "TypeScript", "score": 8}, {"name": "clojure", "score": 8}, {"name": "Node.js", "score": 8}], "data_science": [], "devops": [{"name": "docker", "score": 8}, {"name": "aws_lambda", "score": 7}, {"name": "git", "score": 1}, {"name": "Docker", "score": 8}, {"name": "GitHub Actions", "score": 9}, {"name": "Ubuntu", "score": 6}, {"name": "EC2", "score": 6}, {"name": "AWS", "score": 6}, {"name": "SSH", "score": 6}], "qa": [{"name": "Jest", "score": 6}], "embedded": [], "gamedev": [], "mobile": [], "other": []}, "resume": "Разработчик имеет широкий спектр компетенций, особенно веб-разработки, с сильными сторонами в использовании фреймворков React, Ant Design, Bootstrap и Node.js. Он также знаком с TypeScript, SCSS и OpenAPI. Слабые стороны разработчика - базовое владение HTML, CSS и C#. Кроме того, ему сложно работать с системами управления версиями, такими как Git.", "repo_name": "rolling-scopes/rsschool-app"}