{"competencies": {"frontend": [{"name": "SVG", "score": 8}, {"name": "CSS", "score": 8}, {"name": "Tailwind CSS", "score": 6}, {"name": "HTML", "score": 4}, {"name": "SCSS", "score": 10}], "backend": [{"name": "SQL", "score": 10}, {"name": "node", "score": 8}, {"name": "pnpm", "score": 9}, {"name": "npm", "score": 2}, {"name": "turbo", "score": 5}, {"name": "prisma", "score": 7}, {"name": "javascript", "score": 8}, {"name": "Joi", "score": 9}], "data_science": [], "devops": [{"name": "docker", "score": 6}, {"name": "alpine", "score": 4}, {"name": "apk", "score": 3}, {"name": "libc6-compat", "score": 1}], "qa": [], "embedded": [], "gamedev": [], "mobile": [], "other": [{"name": "chat", "score": 0}]}, "resume": "Разработчик имеет широкий спектр компетенций, особенно веб-разработки. Он демонстрирует высокую квалификацию в работе с SCSS и SQL, а также показывает отличные навыки в использовании инструментов node, pnpm и Joi. Однако имеются пробелы в знаниях HTML, Alpine, apk и libc6-compat.", "repo_name": "AprilNEA/ChatGPT-Admin-Web"}