{"competencies": {"frontend": [{"name": "CSS", "score": 8}, {"name": "HTML", "score": 8}, {"name": "Bootstrap", "score": 4}, {"name": "Modernizr", "score": 2}, {"name": "JavaScript", "score": 6}, {"name": "JS Map", "score": 1}], "backend": [{"name": "Python", "score": 8}, {"name": "Jinja2", "score": 4}, {"name": "JSON", "score": 3}, {"name": "XML", "score": 3}], "data_science": [], "devops": [{"name": "Makefile", "score": 10}], "qa": [{"name": "doctest", "score": 4}, {"name": "coverage.py", "score": 4}], "embedded": [], "gamedev": [], "mobile": [], "other": [{"name": "Sphinx", "score": 10}, {"name": "LaTeX", "score": 8}, {"name": "pdflatex", "score": 6}, {"name": "platex", "score": 4}, {"name": "dvipdfmx", "score": 4}, {"name": "makeinfo", "score": 4}, {"name": "gettext", "score": 4}, {"name": "Linux", "score": 8}, {"name": "Git", "score": 5}, {"name": "Shell", "score": 7}, {"name": "Python", "score": 4}, {"name": "Regex", "score": 4}, {"name": "Stress", "score": 2}, {"name": "bash", "score": 8}, {"name": "RST", "score": 2}, {"name": "PNG", "score": 2}, {"name": "ICO", "score": 1}, {"name": "Batch", "score": 8}, {"name": "Windows", "score": 5}]}, "resume": "Разработчик имеет широкий спектр компетенций, включая в себя веб-разработку (HTML, CSS, Bootstrap, JavaScript), программирование на Python, а также опыт работы с системами управления версиями Git и операционными системами Linux и Windows. Сильными сторонами являются умение работать с Makefile, Sphinx и LaTeX, что указывает на опыт в документировании и создании технической документации. Слабыми сторонами можно назвать ограниченные знания в области JavaScript и связанных с ним технологий, таких как JS Map, Modernizr, а также относительно невысокий уровень навыков в некоторых других областях, таких как Batch и Windows.", "repo_name": "nicolargo/glances"}