{"competencies": {"frontend": [{"name": "HTML", "score": 8}, {"name": "CSS", "score": 6}, {"name": "JavaScript", "score": 7}, {"name": "jQuery", "score": 8}, {"name": "Bootstrap", "score": 7}, {"name": "JSON", "score": 5}, {"name": "Ajax", "score": 6}], "backend": [{"name": "Go", "score": 9}], "data_science": [], "devops": [{"name": "Docker", "score": 8}, {"name": "GitHub Actions", "score": 6}, {"name": "Ubuntu", "score": 4}], "qa": [], "embedded": [], "gamedev": [], "mobile": [], "other": [{"name": "toml", "score": 10}, {"name": "protobuf", "score": 8}, {"name": "Apache License", "score": 10}, {"name": "base64", "score": 1}]}, "resume": "Разработчик имеет широкий спектр компетенций, включая в себя веб-разработку (HTML, CSS, JavaScript, jQuery, Bootstrap) и опыт работы с данными (JSON, Ajax). Он также знаком с backend-технологиями (Go, Docker) и имеет опыт работы с системами управления версиями (GitHub Actions) и операционными системами (Ubuntu). Сильными сторонами разработчика являются его навыки в backend-разработке и работе с данными, а также его опыт в использовании различных технологий и инструментов. Слабыми сторонами можно назвать ограниченный опыт работы с Ubuntu и базовым encode/decode (base64).", "repo_name": "micro/go-micro"}