{"competencies": {"frontend": [{"name": "Bower", "score": 4}, {"name": "CSS", "score": 10}, {"name": "HTML", "score": 8}, {"name": "JavaScript", "score": 5}, {"name": "AngularJS", "score": 10}], "backend": [{"name": "Python", "score": 8}, {"name": "pip", "score": 5}, {"name": "redis", "score": 6}, {"name": "mongodb", "score": 4}, {"name": "bottle", "score": 4}, {"name": "celery", "score": 6}, {"name": "gevent", "score": 2}, {"name": "Django", "score": 9}, {"name": "JavaScript", "score": 10}, {"name": "Redis", "score": 6}, {"name": "MongoDB", "score": 6}, {"name": "Memcache", "score": 4}, {"name": "Riak", "score": 4}, {"name": "Celery", "score": 2}, {"name": "RQ", "score": 2}, {"name": "SQLAlchemy", "score": 6}, {"name": "JSON", "score": 4}], "data_science": [{"name": "Anaconda", "score": 7}, {"name": "Pandas", "score": 7}, {"name": "NumPy", "score": 6}, {"name": "Cython", "score": 5}, {"name": "Numexpr", "score": 1}], "devops": [{"name": "Bash", "score": 6}, {"name": "Docker", "score": 5}, {"name": "Git", "score": 4}, {"name": "ghp-import", "score": 5}, {"name": "git", "score": 5}, {"name": "rpm", "score": 9}, {"name": "Travis CI", "score": 2}], "qa": [], "embedded": [], "gamedev": [], "mobile": [], "other": [{"name": "SVG", "score": 10}, {"name": "lua", "score": 2}, {"name": "oml", "score": 2}, {"name": "Makefile", "score": 10}, {"name": "Sphinx", "score": 10}, {"name": "LaTeX", "score": 5}, {"name": "pdflatex", "score": 2}, {"name": "makeinfo", "score": 2}, {"name": "qcollectiongenerator", "score": 2}, {"name": "assistant", "score": 2}, {"name": "mkdocs", "score": 5}, {"name": "gettext", "score": 6}, {"name": "Python", "score": 9}, {"name": "reportlab", "score": 2}, {"name": "re", "score": 2}, {"name": "datetime", "score": 4}, {"name": "decimal", "score": 2}, {"name": "JSON", "score": 2}, {"name": "bash", "score": 8}, {"name": "python", "score": 2}, {"name": "sed", "score": 6}, {"name": "Poedit", "score": 1}, {"name": "UTF-8", "score": 1}]}, "resume": "Разработчик имеет широкий спектр компетенций, включая в себя веб-разработку на AngularJS, Django и Python, а также опыт работы с базами данных MongoDB, Redis и SQLAlchemy. Он также знаком с инструментами автоматизации, такими как Celery и Travis CI, а также имеет навыки в области machine learning и data science с помощью Pandas, NumPy и Anaconda. Слабыми сторонами могут быть относительно низкий уровень знаний в некоторых областях, таких как gevent, Cython и Lua, но в целом разработчик демонстрирует высокий уровень квалификации в различных областях программирования.", "repo_name": "mining/mining"}