{"competencies": {"frontend": [{"name": "html", "score": 4}, {"name": "HTML", "score": 3}, {"name": "CSS", "score": 2}], "backend": [{"name": "C++", "score": 10}, {"name": "Boost", "score": 9}, {"name": "STLport", "score": 2}, {"name": "Perl", "score": 10}, {"name": "MySQL", "score": 4}, {"name": "MPI", "score": 9}, {"name": "Trilinos", "score": 7}, {"name": "Python", "score": 1}, {"name": "deal.II", "score": 9}, {"name": "C++11", "score": 8}, {"name": "C++14", "score": 8}, {"name": "C++17", "score": 8}, {"name": "C++20", "score": 8}, {"name": "Ruby", "score": 8}, {"name": "gcc", "score": 6}, {"name": "Threading Building Blocks", "score": 4}, {"name": "SparseMatrix", "score": 8}, {"name": "SparsityPattern", "score": 6}, {"name": "Vector", "score": 6}, {"name": "re2c", "score": 8}, {"name": "C", "score": 6}, {"name": "Serialization", "score": 7}, {"name": "Bicgstab", "score": 6}, {"name": "Newton", "score": 6}, {"name": "DoF", "score": 2}, {"name": "SUNDIALS", "score": 9}, {"name": "Windows API", "score": 5}, {"name": "POSIX", "score": 4}, {"name": "pthreads", "score": 6}, {"name": "c++", "score": 4}, {"name": "c", "score": 2}], "data_science": [{"name": "Lanczos algorithm", "score": 9}, {"name": "Linear Algebra", "score": 9}], "devops": [{"name": "Jamfile", "score": 6}, {"name": "GCC", "score": 4}, {"name": "MSVC", "score": 4}, {"name": "Makefile", "score": 9}, {"name": "Perl", "score": 2}, {"name": "cvs", "score": 8}, {"name": "make", "score": 3}, {"name": "perl", "score": 2}, {"name": "shell", "score": 5}, {"name": "CMake", "score": 8}, {"name": "Travis CI", "score": 6}, {"name": "Jenkins", "score": 6}, {"name": "AppVeyor", "score": 6}, {"name": "CDash", "score": 5}, {"name": "Git", "score": 7}, {"name": "MPI", "score": 8}, {"name": "Windows", "score": 6}, {"name": "GDB", "score": 9}, {"name": "Unix", "score": 4}, {"name": "GNU Make", "score": 8}, {"name": "Linux", "score": 5}, {"name": "SunOS", "score": 5}, {"name": "CVS", "score": 8}, {"name": "Jam", "score": 7}, {"name": "bjam", "score": 6}, {"name": "gcc", "score": 5}, {"name": "msvc", "score": 4}, {"name": "Bash", "score": 9}, {"name": "cmake", "score": 4}, {"name": "git", "score": 6}], "qa": [], "embedded": [], "gamedev": [], "mobile": [], "other": [{"name": "m4", "score": 8}, {"name": "Borland", "score": 2}, {"name": "PETSc", "score": 8}, {"name": "C++", "score": 8}, {"name": "Python", "score": 1}, {"name": "deal.II", "score": 6}, {"name": "gmv", "score": 10}, {"name": "bash", "score": 8}, {"name": "Boost", "score": 6}, {"name": "gnuplot", "score": 10}, {"name": "perl", "score": 3}, {"name": "BOOST", "score": 8}, {"name": "dealii", "score": 9}, {"name": "HTML", "score": 5}, {"name": "MPI", "score": 8}, {"name": "p4est", "score": 8}, {"name": "libsc", "score": 8}, {"name": "C", "score": 8}, {"name": "COMSOL Multiphysics", "score": 10}, {"name": "BibTeX", "score": 8}, {"name": "sh", "score": 8}, {"name": "VTK", "score": 10}, {"name": "Maple", "score": 8}, {"name": "Perl", "score": 2}, {"name": "Doxygen", "score": 4}, {"name": "LinearAlgebra", "score": 6}, {"name": "Deal.II", "score": 9}, {"name": "OpenCASCADE", "score": 8}, {"name": "POVRay", "score": 10}, {"name": "lac", "score": 6}, {"name": "ANSYS", "score": 8}, {"name": "Trilinos", "score": 8}, {"name": "Makefile", "score": 8}, {"name": "diff", "score": 4}, {"name": "shell", "score": 4}, {"name": "Qt", "score": 8}, {"name": "FE_Q", "score": 5}, {"name": "DoFTools", "score": 5}, {"name": "KellyErrorEstimator", "score": 5}, {"name": "GridRefinement", "score": 5}, {"name": "ConstraintMatrix", "score": 5}, {"name": "VectorTools", "score": 5}, {"name": "COMSOL", "score": 6}, {"name": "UCD", "score": 2}, {"name": "Numerical Recipes", "score": 1}, {"name": "XML", "score": 6}, {"name": "Visual Studio", "score": 4}, {"name": "ACE", "score": 1}, {"name": "ERuby", "score": 8}, {"name": "ERB", "score": 8}, {"name": "C++11", "score": 8}, {"name": "GCC", "score": 10}, {"name": "Solaris", "score": 5}, {"name": "SPARC", "score": 5}, {"name": "STL", "score": 10}, {"name": "QPL", "score": 2}, {"name": "SUNDIALS", "score": 9}, {"name": "KINSOL", "score": 8}, {"name": "ARKode", "score": 6}, {"name": "Boost.Python", "score": 9}, {"name": "gzip", "score": 7}, {"name": "POSIX", "score": 6}, {"name": "xfig", "score": 10}, {"name": "PBM", "score": 2}, {"name": "PVTU", "score": 2}, {"name": "C++20", "score": 8}, {"name": "range adaptors", "score": 6}, {"name": "Threading Building Blocks", "score": 6}, {"name": "VTU", "score": 2}, {"name": "deal.ii", "score": 10}, {"name": "PostScript", "score": 10}, {"name": "fig2dev", "score": 5}, {"name": "GNU Lesser General Public License", "score": 2}, {"name": "LAPACK", "score": 9}, {"name": "mail", "score": 2}, {"name": "Regex", "score": 4}, {"name": "UMFPack", "score": 6}, {"name": "Microsoft Windows", "score": 4}]}, "resume": "Разработчик имеет широкий спектр компетенций, включая опыт работы с различными программными языками, библиотеками и инструментами. Его сильные стороны заключаются в глубоком понимании языков программирования C++ и Perl, а также в опыте работы с библиотеками Boost, STLport и Trilinos. Разработчик также знаком с различными системами управления версиями, такими как Git, CVS и Subversion.\n\nСлабые стороны разработчика заключаются в относительно ограниченном опыте работы с некоторыми инструментами и языками, такими как Python, Ruby и Java. Кроме того, разработчик может улучшить свои навыки в области веб-разработки, поскольку его опыт работы с HTML и CSS ограничен.", "repo_name": "dealii/dealii"}