{"competencies": {"frontend": [{"name": "CSS", "score": 8}, {"name": "XPath", "score": 8}, {"name": "HTML", "score": 6}, {"name": "React", "score": 8}, {"name": "JavaScript", "score": 8}, {"name": "react-feather", "score": 4}, {"name": "react-tooltip", "score": 4}], "backend": [{"name": "openapi-generator", "score": 10}, {"name": "python", "score": 8}, {"name": "pip", "score": 8}, {"name": "nginx", "score": 8}, {"name": "Python", "score": 8}, {"name": "go", "score": 8}, {"name": "poetry", "score": 2}, {"name": "golang", "score": 9}, {"name": "go mod", "score": 6}, {"name": "PHP", "score": 8}], "data_science": [], "devops": [{"name": "docker", "score": 9}, {"name": "bash", "score": 6}, {"name": "git", "score": 6}, {"name": "apt-get", "score": 6}, {"name": "Makefile", "score": 4}, {"name": "nginx", "score": 9}, {"name": "docker-compose", "score": 4}, {"name": "Kubernetes", "score": 8}, {"name": "Docker", "score": 6}, {"name": "linux", "score": 4}, {"name": "gcc", "score": 4}, {"name": "dpkg", "score": 3}, {"name": "apt", "score": 3}, {"name": "Helm", "score": 6}, {"name": "PVC", "score": 4}], "qa": [{"name": "flake8", "score": 4}, {"name": "pytest", "score": 4}, {"name": "Selenium", "score": 10}], "embedded": [], "gamedev": [], "mobile": [], "other": [{"name": " Radius", "score": 10}, {"name": "mkdocs", "score": 9}, {"name": "mkdocs-material", "score": 8}, {"name": "mkdocs-bootstrap4", "score": 6}, {"name": "JSON", "score": 6}, {"name": "Caddy", "score": 8}, {"name": "authentik", "score": 10}, {"name": "XML", "score": 10}, {"name": "XSD", "score": 10}, {"name": "XSL", "score": 2}, {"name": "URI", "score": 2}, {"name": "RFC", "score": 1}, {"name": "BCP", "score": 1}, {"name": "IANA", "score": 1}, {"name": "YAML", "score": 4}, {"name": "guacd", "score": 2}, {"name": "Cisco", "score": 10}]}, "resume": "Разработчик имеет широкий спектр компетенций, включая в себя веб-разработку (HTML, CSS, JavaScript, React), программирование на Python, Go и PHP, а также опыт работы с контейнеризацией (Docker, Kubernetes) и виртуализацией ( Radius, authentik). Его сильными сторонами являются высокий уровень знаний веб-технологий, профессиональный опыт работы с контейнерами и виртуализацией, а также навыки в тестировании и автоматизации (Selenium, pytest). Однако, у него есть некоторые пробелы в знаниях некоторых инструментов и технологий, таких как XSL, URI, RFC, BCP, IANA и YAML.", "repo_name": "goauthentik/authentik"}