{"competencies": {"frontend": [], "backend": [{"name": "Java", "score": 8}, {"name": "Hibernate", "score": 4}, {"name": "OpenCSV", "score": 2}, {"name": "Opal", "score": 2}, {"name": "Apache HttpClient", "score": 4}, {"name": "Python", "score": 8}, {"name": "java", "score": 9}], "data_science": [], "devops": [], "qa": [], "embedded": [], "gamedev": [], "mobile": [], "other": [{"name": "Eclipse", "score": 6}, {"name": "C", "score": 10}, {"name": "bash", "score": 8}]}, "resume": "Разработчик имеет широкий спектр компетенций, включая опыт работы с языками программирования Java, Python и C. Он также знаком с различными библиотеками и фреймворками, такими как Hibernate, OpenCSV, Apache HttpClient, что позволяет ему эффективно решать задачи, связанные с базами данных и сетевыми взаимодействиями. Сильной стороной разработчика является его универсальность и способность работать с различными инструментами и технологиями. Однако, некоторые навыки, такие как OpenCSV и Opal, могут быть менее развиты, что может быть слабой стороной в определенных проектах.", "repo_name": "scouter-project/scouter"}