{"competencies": {"frontend": [{"name": "angular", "score": 2}, {"name": "CSS", "score": 3}, {"name": "autoprefixer", "score": 2}, {"name": "browserslist", "score": 2}, {"name": "JavaScript", "score": 2}, {"name": "javascript", "score": 2}, {"name": "bower", "score": 4}, {"name": "grunt", "score": 4}, {"name": "Bower", "score": 2}, {"name": "HTML", "score": 8}, {"name": "jQuery", "score": 4}, {"name": "Material Design Lite", "score": 5}, {"name": "Material Icons", "score": 3}, {"name": "Google Fonts", "score": 2}, {"name": "Bootstrap", "score": 8}], "backend": [{"name": "JavaScript", "score": 8}, {"name": "TypeScript", "score": 8}, {"name": "RxJS", "score": 2}, {"name": "Node.js", "score": 9}, {"name": "npm", "score": 9}, {"name": "node", "score": 8}, {"name": "typescript", "score": 6}, {"name": "Apache", "score": 8}, {"name": "Sequelize", "score": 6}, {"name": "Grunt", "score": 4}, {"name": "Sanitize-html", "score": 4}, {"name": "ruby", "score": 3}, {"name": "apache2", "score": 2}, {"name": "php", "score": 1}, {"name": "node.js", "score": 9}, {"name": "javascript", "score": 9}], "data_science": [], "devops": [{"name": "Docker", "score": 8}, {"name": "Linux", "score": 6}, {"name": "Alpine Linux", "score": 5}, {"name": "ARM64", "score": 2}, {"name": "docker", "score": 8}, {"name": "YAML", "score": 1}, {"name": "GitHub Actions", "score": 1}, {"name": "Vagrant", "score": 2}, {"name": "Git", "score": 2}, {"name": "vagrant", "score": 8}, {"name": "alpine", "score": 7}, {"name": "apk", "score": 6}, {"name": "git", "score": 5}, {"name": "github", "score": 5}, {"name": "qemu", "score": 4}, {"name": "linux", "score": 2}, {"name": "curl", "score": 2}, {"name": "tar", "score": 2}], "qa": [{"name": "TSLint", "score": 9}, {"name": "Cypress", "score": 2}, {"name": "ESLint", "score": 8}], "embedded": [], "gamedev": [], "mobile": [], "other": [{"name": "xml", "score": 10}, {"name": "OWASP", "score": 3}, {"name": "MIT License", "score": 2}, {"name": "GitHub", "score": 2}, {"name": "github", "score": 2}, {"name": "JSON", "score": 5}, {"name": "bash", "score": 8}, {"name": "curl", "score": 6}, {"name": "grep", "score": 6}, {"name": "json", "score": 1}, {"name": "sh", "score": 10}, {"name": "WEBVTT", "score": 1}]}, "resume": "Разработчик имеет широкий спектр компетенций, включая в себя веб-разработку, backend и DevOps. Он демонстрирует отличные навыки в работе с веб-технологиями, такими как HTML, Bootstrap, Material Design Lite и JavaScript, а также имеет опыт в использовании фреймворков Node.js и TypeScript. Кроме того, он знаком с различными инструментами автоматизации, такими как Grunt и npm. Сильными сторонами разработчика можно назвать его опыт в работе с веб-технологиями, Node.js и TypeScript, а также его знания в области DevOps и автоматизации. Слабыми сторонами можно назвать относительно низкий уровень знаний в области ruby, php и некоторых других технологий.", "repo_name": "juice-shop/juice-shop"}