{"competencies": {"frontend": [{"name": "npm", "score": 6}, {"name": "JavaScript", "score": 8}, {"name": "Angular", "score": 8}, {"name": "browserslist", "score": 6}], "backend": [{"name": "node.js", "score": 5}, {"name": "JavaScript", "score": 8}, {"name": "TypeScript", "score": 2}, {"name": "SQLite", "score": 2}, {"name": "Node.js", "score": 5}, {"name": "ts-node", "score": 3}, {"name": "ES6", "score": 8}], "data_science": [], "devops": [{"name": "git", "score": 3}, {"name": "docker", "score": 4}, {"name": "nginx", "score": 8}, {"name": "ssl", "score": 4}, {"name": "http", "score": 4}, {"name": "https", "score": 4}, {"name": "proxy", "score": 6}, {"name": "gzip", "score": 6}, {"name": "letsencrypt", "score": 2}, {"name": "tls", "score": 2}], "qa": [{"name": "Cypress", "score": 4}, {"name": "Protractor", "score": 8}, {"name": "Jasmine", "score": 7}, {"name": "jasmine-spec-reporter", "score": 2}], "embedded": [], "gamedev": [], "mobile": [], "other": [{"name": "Gulp", "score": 2}, {"name": "FFmpeg", "score": 2}, {"name": "npm", "score": 2}, {"name": "draw.io", "score": 10}, {"name": "Chrome", "score": 4}]}, "resume": "Разработчик имеет широкий спектр компетенций, включая в себя опыт работы с JavaScript, Angular и Node.js, что позволяет ему эффективно разрабатывать веб-приложения. Сильные стороны разработчика заключаются в его глубоком понимании JavaScript, Angular и Protractor, а также в его умении работать с различными инструментами и технологиями, такими как nginx, Cypress и Jasmine. Слабые стороны включают ограниченный опыт работы с TypeScript, SQLite и некоторыми другими инструментами, такими как Gulp и FFmpeg. Общее впечатление: опытный разработчик с широким спектром навыков, способный решать сложные задачи веб-разработки.", "repo_name": "bpatrik/pigallery2"}