{"competencies": {"frontend": [{"name": "CSS", "score": 8}, {"name": "HTML", "score": 10}, {"name": "jQuery", "score": 8}, {"name": "Jade", "score": 2}, {"name": "Less", "score": 2}], "backend": [{"name": "Go", "score": 8}, {"name": "go", "score": 9}, {"name": "C", "score": 8}, {"name": "gccgo", "score": 4}, {"name": "POSIX", "score": 4}, {"name": "C++", "score": 5}, {"name": "Java", "score": 5}, {"name": "Python", "score": 5}, {"name": "golang", "score": 10}, {"name": "protobuf", "score": 10}, {"name": "gogo/protobuf", "score": 10}, {"name": "github.com/gogo/protobuf/proto", "score": 10}, {"name": "github.com/golang/protobuf/proto", "score": 10}, {"name": "protoc-gen-go", "score": 7}, {"name": "json", "score": 4}, {"name": "math", "score": 2}, {"name": "Snappy", "score": 6}, {"name": "g++", "score": 2}], "data_science": [{"name": "JSON", "score": 2}, {"name": "XML", "score": 2}], "devops": [{"name": "snapcraft", "score": 8}, {"name": "bash", "score": 4}, {"name": "docker", "score": 8}, {"name": "alpine", "score": 6}, {"name": "apk", "score": 5}, {"name": "opencontainers", "score": 4}, {"name": "Docker", "score": 8}, {"name": "Alpine Linux", "score": 6}, {"name": "GitHub Actions", "score": 9}, {"name": "Ubuntu", "score": 2}, {"name": "Git", "score": 6}, {"name": "Bash", "score": 4}, {"name": "launchctl", "score": 7}, {"name": "curl", "score": 2}, {"name": "nc", "score": 2}, {"name": "grep", "score": 2}, {"name": "Linux", "score": 4}, {"name": "make", "score": 1}, {"name": "Grunt", "score": 2}, {"name": "jenkins", "score": 6}], "qa": [{"name": "testing", "score": 5}], "embedded": [{"name": "ARM", "score": 10}], "gamedev": [], "mobile": [], "other": [{"name": "yaml", "score": 6}, {"name": "NSIS", "score": 8}, {"name": "bash", "score": 8}, {"name": "BSD", "score": 2}, {"name": "OpenSSL", "score": 10}, {"name": "GitHub", "score": 2}, {"name": "Perl", "score": 8}, {"name": "protobuf", "score": 8}, {"name": "XML", "score": 8}, {"name": "plist", "score": 9}, {"name": "Protocol Buffers", "score": 10}, {"name": "protoc", "score": 6}, {"name": "gogo_out", "score": 4}]}, "resume": "Разработчик имеет широкий спектр компетенций, включая в себя веб-разработку (HTML, CSS, jQuery), разработку на языках программирования (Go, C, C++, Java, Python) и опыт работы с различными инструментами и технологиями (protobuf, Docker, GitHub Actions, Linux). Сильными сторонами разработчика являются его навыки в разработке на языке Go, работе с Protocol Buffers и опыт использования Docker и GitHub Actions. Слабые стороны - относительно низкий уровень знаний в области математических вычислений и некоторых инструментов, таких как make и Grunt.", "repo_name": "syncthing/syncthing"}