{"competencies": {"frontend": [{"name": "React", "score": 6}, {"name": "JavaScript", "score": 6}, {"name": "HTML", "score": 4}, {"name": "CSS", "score": 4}], "backend": [{"name": "OpenJDK", "score": 8}, {"name": "java", "score": 9}, {"name": "thrift", "score": 6}, {"name": "log4j", "score": 4}, {"name": "Ruby", "score": 8}, {"name": "Java", "score": 8}], "data_science": [{"name": "Alluxio", "score": 8}, {"name": "hdfs", "score": 4}, {"name": "s3", "score": 4}, {"name": "glusterfs", "score": 4}, {"name": "swift", "score": 4}, {"name": "Apache Hadoop", "score": 8}, {"name": "Swift", "score": 9}, {"name": "Tachyon", "score": 9}, {"name": "S3", "score": 6}], "devops": [{"name": "Docker", "score": 8}, {"name": "Alpine Linux", "score": 6}, {"name": "bash", "score": 4}, {"name": "apk", "score": 4}, {"name": "rsync", "score": 4}, {"name": "ssh", "score": 4}, {"name": "vagrant", "score": 9}, {"name": "Maven", "score": 6}, {"name": "Git", "score": 6}], "qa": [], "embedded": [], "gamedev": [], "mobile": [], "other": [{"name": "protobuf", "score": 10}, {"name": "bash", "score": 8}, {"name": "sed", "score": 6}, {"name": "log4j", "score": 8}]}, "resume": "Разработчик имеет широкий спектр компетенций, включая в себя опыт работы с различными языками программирования (Java, Ruby, JavaScript) и технологиями (React, Apache Hadoop, Docker). Его сильными сторонами являются глубокое понимание Java и Ruby, а также опыт работы с распределенными хранилищами данных (Alluxio, Apache Hadoop, Tachyon). Слабыми сторонами можно считать относительно средний уровень знаний в HTML, CSS и некоторых других технологиях, но это компенсируется его сильными навыками в других областях.", "repo_name": "Alluxio/alluxio"}