{"competencies": {"frontend": [], "backend": [{"name": "Python", "score": 8}, {"name": "Go", "score": 8}, {"name": "Lua", "score": 8}, {"name": "Apache", "score": 8}, {"name": "C", "score": 4}, {"name": "HTTP", "score": 6}, {"name": "Java", "score": 8}, {"name": "Maven", "score": 9}, {"name": "AWS SDK", "score": 6}, {"name": "Apache Maven Assembly Plugin", "score": 4}, {"name": "python", "score": 8}], "data_science": [], "devops": [{"name": "Prometheus", "score": 8}, {"name": "Opentracing", "score": 4}, {"name": "Jaeger", "score": 4}, {"name": "git", "score": 2}, {"name": "cmake", "score": 3}, {"name": "fio", "score": 8}, {"name": "ceph", "score": 8}, {"name": "bash", "score": 4}, {"name": "Linux", "score": 4}, {"name": "vstart.sh", "score": 1}], "qa": [{"name": "gtest", "score": 6}, {"name": "JUnit", "score": 2}, {"name": "LSAN", "score": 4}, {"name": "ASAN", "score": 2}], "embedded": [], "gamedev": [], "mobile": [], "other": [{"name": "C++", "score": 8}, {"name": "Boost", "score": 2}, {"name": "C", "score": 1}, {"name": "Ceph", "score": 9}, {"name": "ceph", "score": 8}, {"name": "CMake", "score": 8}, {"name": "git", "score": 10}, {"name": "RADOS", "score": 8}, {"name": "AWS", "score": 6}, {"name": "S3", "score": 8}, {"name": "std", "score": 2}, {"name": "LZ4", "score": 2}, {"name": "JSON", "score": 8}, {"name": "Amazon S3", "score": 4}, {"name": "gperftools", "score": 2}, {"name": "bash", "score": 3}, {"name": "radosgw-admin", "score": 9}, {"name": "Ceph Placement Group", "score": 2}, {"name": "Ceph Object Storage", "score": 2}, {"name": "ReStructuredText", "score": 1}, {"name": "wget", "score": 2}, {"name": "sha256sum", "score": 2}, {"name": "tar", "score": 2}, {"name": "awk", "score": 2}, {"name": "github", "score": 2}, {"name": "jfrog", "score": 2}, {"name": "boost", "score": 6}, {"name": "liburing", "score": 4}]}, "resume": "Разработчик имеет широкий спектр компетенций, включая опыт работы с различными программными языками, такими как Python, Go, Lua, Java и C++. Он также знаком с различными инструментами и технологиями, такими как Apache, Maven, AWS SDK, Prometheus, OpenTracing и Jaeger.\n\nСильными сторонами разработчика можно считать его высокий уровень знаний в области программирования на Python, Go, Lua и Java, а также опыт работы с инструментами сборки и управления зависимостями, такими как Maven и Apache Maven Assembly Plugin. Кроме того, он знаком с облачными технологиями AWS и имеет опыт работы с системами хранения данных, такими как Ceph и Amazon S3.\n\nСлабыми сторонами разработчика можно считать его ограниченный опыт работы с инструментами, такими как git, CMake и Linux, а также относительно низкий уровень знаний в области тестирования и отладки, судя по оценкам инструментов, таких как JUnit, LSAN и ASAN.", "repo_name": "ceph/ceph"}