{"competencies": {"frontend": [{"name": "CSS", "score": 9}, {"name": "HTML", "score": 5}, {"name": "JavaScript", "score": 1}, {"name": "grunt", "score": 2}], "backend": [{"name": "Node.js", "score": 8}, {"name": "JavaScript", "score": 9}, {"name": "fs", "score": 6}, {"name": "mongodb", "score": 4}, {"name": "node.js", "score": 4}, {"name": "javascript", "score": 8}, {"name": "bson", "score": 6}, {"name": "V8", "score": 9}, {"name": "Python", "score": 10}, {"name": "MongoDB", "score": 10}, {"name": "C++", "score": 8}, {"name": "GridFS", "score": 5}, {"name": "BSON", "score": 7}, {"name": "pymongo", "score": 6}, {"name": "path", "score": 5}, {"name": "util", "score": 5}, {"name": "CoffeeScript", "score": 2}, {"name": "nodeunit", "score": 8}, {"name": "assert", "score": 6}, {"name": "JSON", "score": 4}], "data_science": [], "devops": [{"name": "make", "score": 2}, {"name": "Waf", "score": 6}, {"name": "Makefile", "score": 1}], "qa": [{"name": "JUnit", "score": 1}, {"name": "nodelint", "score": 1}], "embedded": [], "gamedev": [], "mobile": [], "other": [{"name": "bash", "score": 8}, {"name": "make", "score": 6}, {"name": "gmake", "score": 6}, {"name": "npm", "score": 4}, {"name": "C++", "score": 2}, {"name": "Cygwin", "score": 2}, {"name": "c/c++", "score": 4}, {"name": "github", "score": 1}, {"name": "Sphinx", "score": 10}, {"name": "reStructuredText", "score": 10}, {"name": "LaTeX", "score": 5}, {"name": "JSON", "score": 6}, {"name": "openssl", "score": 10}, {"name": "MIT", "score": 1}, {"name": "Ronnjs", "score": 2}]}, "resume": "Разработчик имеет широкий спектр компетенций, включая в себя веб-разработку (HTML, CSS, JavaScript), разработку на Node.js, MongoDB и Python. Его сильными сторонами являются высокий уровень владения Python, MongoDB, Sphinx, reStructuredText и LaTeX, а также хорошее знание Node.js, JavaScript и C++. Слабыми сторонами можно назвать относительно низкий уровень владения HTML, grunt, CoffeeScript, JUnit и некоторых других технологий, которые, возможно, не являются основными направлениями его деятельности.", "repo_name": "mongodb/node-mongodb-native"}