{"competencies": {"frontend": [], "backend": [{"name": "Java", "score": 10}], "data_science": [], "devops": [], "qa": [], "embedded": [], "gamedev": [], "mobile": [], "other": []}, "resume": "Разработчик имеет продвинутый уровень знаний в Java, что позволяет ему эффективно решать сложные задачи и разрабатывать надежные приложения. Его сильными сторонами являются глубокое понимание объектно-ориентированного программирования и умение применять его в реальных проектах. Однако, возможно, ему следует расширить свой кругозор, изучив другие языки программирования и технологии, чтобы повысить свою универсальность.", "repo_name": "crossoverJie/JCSprout"}