{"competencies": {"frontend": [{"name": "CSS", "score": 10}], "backend": [{"name": "C++", "score": 8}, {"name": "Ruby", "score": 4}, {"name": "Python", "score": 2}, {"name": "gRPC", "score": 6}, {"name": "C", "score": 10}, {"name": "gpr", "score": 10}, {"name": "OpenSSL", "score": 6}, {"name": "zlib", "score": 6}, {"name": "grpc", "score": 2}, {"name": "protobuf", "score": 9}, {"name": "JSON", "score": 2}, {"name": "HTTP/2", "score": 10}, {"name": "Cronet", "score": 6}, {"name": "abseil-cpp", "score": 5}, {"name": "c++-compat", "score": 3}, {"name": "std", "score": 6}, {"name": "HPACK", "score": 10}, {"name": "gzip", "score": 6}, {"name": "deflate", "score": 6}, {"name": "C#", "score": 4}], "data_science": [{"name": "Python", "score": 4}], "devops": [{"name": "Bazel", "score": 6}, {"name": "MSBuild", "score": 10}, {"name": "NuGet", "score": 8}, {"name": "Visual Studio", "score": 8}, {"name": "Windows", "score": 8}, {"name": "SSL/TLS", "score": 10}, {"name": "OpenSSL", "score": 10}, {"name": "X.509", "score": 10}, {"name": "PEM", "score": 10}, {"name": "CMake", "score": 8}, {"name": "Linux", "score": 4}, {"name": "benchmark", "score": 4}, {"name": "clang", "score": 2}], "qa": [{"name": "googletest", "score": 3}, {"name": "gtest", "score": 7}, {"name": "asan", "score": 4}, {"name": "tsan", "score": 4}, {"name": "ubsan", "score": 4}, {"name": "msan", "score": 4}, {"name": "fuzzer", "score": 4}], "embedded": [], "gamedev": [], "mobile": [{"name": "Objective-C", "score": 2}, {"name": "swift", "score": 2}, {"name": "xcode", "score": 2}, {"name": "apple", "score": 2}, {"name": "ios", "score": 2}], "other": [{"name": "Doxygen", "score": 2}, {"name": "C++", "score": 10}, {"name": "gRPC", "score": 10}, {"name": "protobuf", "score": 5}, {"name": "HTTP/2", "score": 5}, {"name": "TLS", "score": 3}, {"name": "JSON", "score": 2}, {"name": "Linux", "score": 2}, {"name": "Windows", "score": 1}, {"name": "gcc", "score": 1}, {"name": "XML", "score": 6}, {"name": "OpenSSL", "score": 6}, {"name": "C", "score": 4}, {"name": "Apache License", "score": 1}, {"name": "cc_library", "score": 5}, {"name": "HTTP", "score": 6}, {"name": "zlib", "score": 4}, {"name": "boringssl", "score": 4}, {"name": "cares", "score": 4}, {"name": "Python", "score": 3}, {"name": "Mako", "score": 8}, {"name": "MD5", "score": 1}, {"name": "re", "score": 1}, {"name": "hashlib", "score": 1}, {"name": "xml", "score": 3}, {"name": "YAML", "score": 2}, {"name": "openssl", "score": 8}, {"name": "Visual Studio 2013", "score": 8}]}, "resume": "Разработчик имеет широкий спектр компетенций, включая опыт работы с языками программирования C, C++, Ruby, Python и C#. Он также знаком с различными фреймворками и библиотеками, такими как gRPC, protobuf, OpenSSL, zlib и HTTP/2. Разработчик имеет опыт работы с операционными системами Windows и Linux, а также с инструментами сборки Bazel, CMake и MSBuild.\n\nСильными сторонами разработчика можно назвать его опыт работы с C и C++, а также его знания в области сетевых протоколов и криптографии. Он также знаком с различными инструментами и технологиями, что делает его универсальным разработчиком.\n\nСлабыми сторонами разработчика можно назвать его ограниченный опыт работы с некоторыми языками программирования, такими как Ruby и Python, а также его относительно низкий уровень знаний в области Objective-C и Swift. Кроме того, у него нет опыта работы с некоторыми инструментами и технологиями, такими как Xcode и iOS.", "repo_name": "grpc/grpc"}