{"competencies": {"frontend": [], "backend": [{"name": "python", "score": 9}, {"name": "Postgres", "score": 8}, {"name": "Python", "score": 7}, {"name": "DCS", "score": 6}, {"name": "pg_basebackup", "score": 4}, {"name": "initdb", "score": 4}, {"name": "psycopg2-binary", "score": 3}, {"name": "psycopg", "score": 3}, {"name": "postgresql", "score": 3}, {"name": "PostgreSQL", "score": 7}, {"name": "Patroni", "score": 9}, {"name": "HTTP", "score": 4}, {"name": "JSON", "score": 4}, {"name": "Patronictl", "score": 6}, {"name": "GET", "score": 4}, {"name": "PATCH", "score": 4}], "data_science": [], "devops": [{"name": "github", "score": 6}, {"name": "git", "score": 7}, {"name": "yaml", "score": 3}, {"name": "HAProxy", "score": 8}, {"name": "HTTP", "score": 6}, {"name": "TCP", "score": 4}, {"name": "SSL", "score": 6}, {"name": "JSON", "score": 4}, {"name": "Go", "score": 4}, {"name": "etcd", "score": 6}, {"name": "ZooKeeper", "score": 6}, {"name": "Travis CI", "score": 2}, {"name": "docker", "score": 4}, {"name": "Kubernetes", "score": 8}, {"name": "Docker", "score": 6}, {"name": "OpenShift", "score": 8}, {"name": "RBAC", "score": 5}], "qa": [{"name": "flake8", "score": 4}, {"name": "Coveralls", "score": 2}, {"name": "isort", "score": 2}, {"name": "black", "score": 2}, {"name": "behave", "score": 4}, {"name": "tox", "score": 4}], "embedded": [], "gamedev": [], "mobile": [], "other": [{"name": "bash", "score": 8}, {"name": "pypi", "score": 5}, {"name": "YAML", "score": 3}, {"name": "Graphviz", "score": 2}]}, "resume": "Разработчик имеет широкий спектр компетенций, особенно в области разработки на Python и работе с базами данных, в частности с PostgreSQL. Он также знаком с инструментами автоматизации и оркестрации, такими как Kubernetes и Docker. Сильными сторонами этого разработчика являются его опыт работы с Python, PostgreSQL и Patroni, а также его знания в области контейнеризации и оркестрации. Слабыми сторонами можно назвать ограниченный опыт работы с некоторыми инструментами, такими как Travis CI, Coveralls и Graphviz.", "repo_name": "patroni/patroni"}