{"competencies": {"frontend": [], "backend": [{"name": "Python", "score": 4}, {"name": "Java", "score": 2}, {"name": "Elasticsearch", "score": 9}, {"name": "LOG4J2", "score": 2}, {"name": "Attachment Plugin", "score": 8}, {"name": "curl", "score": 6}, {"name": "JSON", "score": 4}, {"name": "Base64", "score": 2}, {"name": "elasticsearch", "score": 6}, {"name": "http", "score": 2}], "data_science": [{"name": "Elasticsearch", "score": 6}, {"name": "tesseract", "score": 2}], "devops": [{"name": "Docker Compose", "score": 8}, {"name": "Maven", "score": 8}, {"name": "Nginx", "score": 2}, {"name": "CloudBees", "score": 2}, {"name": "GitHub", "score": 2}, {"name": "curl", "score": 8}, {"name": "ssh", "score": 2}], "qa": [{"name": "Testcontainers", "score": 4}], "embedded": [], "gamedev": [], "mobile": [], "other": [{"name": "Microsoft Word", "score": 10}, {"name": "XML", "score": 5}, {"name": "RTF", "score": 5}, {"name": "Tika", "score": 8}, {"name": "Jpeg", "score": 2}, {"name": "Tiff", "score": 2}, {"name": "Levigo", "score": 2}, {"name": "Makefile", "score": 8}, {"name": "Sphinx", "score": 9}, {"name": "Shell", "score": 6}, {"name": "Apache License", "score": 2}, {"name": "Apache Software Foundation", "score": 1}, {"name": "Velocity Template Language", "score": 8}, {"name": "Batch", "score": 9}, {"name": "json", "score": 6}, {"name": "http", "score": 4}, {"name": "elastic", "score": 4}, {"name": "yaml", "score": 3}]}, "resume": "Разработчик имеет широкий спектр компетенций, включая опыт работы с языками программирования Python и Java, а также с различными инструментами и технологиями, такими как Elasticsearch, Docker Compose, Maven и Sphinx. Сильными сторонами разработчика являются его глубокое знание Elasticsearch и опыт работы с документо-ориентированными форматами, такими как Microsoft Word, XML и RTF. Однако, кажется, что его знания в некоторых областях, таких как Java и Apache Software Foundation, не так обширны, что может быть его слабой стороной.", "repo_name": "dadoonet/fscrawler"}