{"competencies": {"frontend": [], "backend": [{"name": "C++", "score": 10}, {"name": "C", "score": 5}, {"name": "STL", "score": 8}, {"name": "Node.js", "score": 6}, {"name": "C++14", "score": 2}, {"name": "libc++", "score": 1}, {"name": "tbb", "score": 1}, {"name": "JavaScript", "score": 5}, {"name": "Ruby", "score": 8}], "data_science": [{"name": "GeoJSON", "score": 2}, {"name": "OSM", "score": 5}], "devops": [{"name": "CMake", "score": 8}, {"name": "mason", "score": 1}, {"name": "UNIX", "score": 1}, {"name": "Unix", "score": 1}, {"name": "Windows", "score": 1}, {"name": "MacOS", "score": 1}, {"name": "DarwinPorts", "score": 1}, {"name": "Fink", "score": 1}, {"name": "Blastwave", "score": 1}], "qa": [{"name": "Tape", "score": 9}], "embedded": [], "gamedev": [], "mobile": [], "other": [{"name": "JavaScript", "score": 8}, {"name": "Node.js", "score": 8}, {"name": "Lua", "score": 3}, {"name": "ISO8601", "score": 1}, {"name": "json", "score": 10}, {"name": "batch", "score": 8}, {"name": "powershell", "score": 2}, {"name": "lua", "score": 1}, {"name": "osrm", "score": 6}, {"name": "C++", "score": 2}, {"name": "Makefile", "score": 8}, {"name": "bash", "score": 6}, {"name": "wget", "score": 2}, {"name": "md5sum", "score": 1}, {"name": "OSRM", "score": 9}, {"name": "S3", "score": 2}]}, "resume": "Разработчик имеет широкий спектр компетенций, включая опыт работы с языками программирования C++, C, JavaScript, Ruby и Lua, а также с фреймворками и библиотеками, такими как Node.js, STL и тbb. Сильными сторонами разработчика можно считать его глубокое понимание языков программирования и опыт работы с различными операционными системами, включая UNIX, Windows и MacOS. Однако, слабой стороной разработчика может быть относительно низкий уровень опыта работы с некоторыми конкретными инструментами и технологиями, такими как libc++, mason и DarwinPorts.", "repo_name": "Project-OSRM/osrm-backend"}