{"competencies": {"frontend": [], "backend": [{"name": "drizzle-orm", "score": 9}, {"name": "PostgreSQL", "score": 8}, {"name": "MySQL", "score": 6}, {"name": "PlanetScale", "score": 2}, {"name": "Neon", "score": 2}, {"name": "LibSQL", "score": 4}, {"name": "AWS Data API", "score": 4}, {"name": "drizzle-zod", "score": 2}, {"name": "drizzle-orm-pg", "score": 6}, {"name": "drizzle-orm-mysql", "score": 6}, {"name": "drizzle-orm-sqlite", "score": 6}], "data_science": [], "devops": [{"name": "AWS", "score": 2}, {"name": "Cloudflare", "score": 2}], "qa": [{"name": "integration-tests", "score": 4}], "embedded": [], "gamedev": [], "mobile": [], "other": [{"name": "TypeScript", "score": 10}, {"name": "type-fest", "score": 2}]}, "resume": "Разработчик имеет глубокие знания и опыт работы с TypeScript, а также широкий спектр навыков в области баз данных, включая drizzle-orm, PostgreSQL и MySQL. Он также знаком с различными дополнительными инструментами и сервисами, такими как AWS, Cloudflare и PlanetScale. Однако его знания в некоторых областях, таких как PlanetScale, Neon и LibSQL, требуют дальнейшего развития.", "repo_name": "drizzle-team/drizzle-orm"}