{"competencies": {"frontend": [], "backend": [{"name": "Java", "score": 8}, {"name": "Guava", "score": 6}, {"name": "Dropwizard", "score": 4}, {"name": "SLF4J", "score": 2}, {"name": "Metrics", "score": 4}, {"name": "Riemann", "score": 2}, {"name": "Python", "score": 6}, {"name": "Maven", "score": 5}], "data_science": [], "devops": [{"name": "Docker", "score": 7}, {"name": "CircleCI", "score": 9}, {"name": "Bash", "score": 4}, {"name": "Pyenv", "score": 3}, {"name": "Pip", "score": 2}], "qa": [{"name": "Nose", "score": 1}, {"name": "Pep8", "score": 1}], "embedded": [], "gamedev": [], "mobile": [], "other": [{"name": "bash", "score": 8}, {"name": "curl", "score": 6}, {"name": "skydns", "score": 7}, {"name": "unbound", "score": 4}, {"name": "zookeeper", "score": 5}, {"name": "json", "score": 3}, {"name": "DNS", "score": 8}, {"name": "Apache License", "score": 1}]}, "resume": "Разработчик имеет широкий спектр компетенций, включая опыт работы с Java, Python и соответствующими инструментами для управления зависимостями и сборки проектов (Maven). Также у него есть опыт работы с контейнеризацией при помощи Docker, а также с системами непрерывной интеграции (CircleCI). Кроме того, он знаком с различными системами управления конфигурацией и мониторинга, такими как Riemann, skydns и zookeeper. Однако, некоторые навыки, такие как работа с SLF4J, Metrics, Riemann, Nose и Pep8, могут быть не столь развиты.", "repo_name": "spotify/helios"}