{"competencies": {"frontend": [{"name": "CSS", "score": 8}], "backend": [{"name": "go", "score": 10}, {"name": "Java", "score": 8}, {"name": "Maven", "score": 9}, {"name": "golang.org/x/crypto/ssh", "score": 2}, {"name": "github.com/wadey/gocovmerge", "score": 2}, {"name": "github.com/mattn/goveralls", "score": 2}, {"name": "golang.org/x/tools/cmd/goimports", "score": 2}, {"name": "Python", "score": 8}, {"name": "protobuf", "score": 8}, {"name": "Go", "score": 9}, {"name": "protoc-gen-go", "score": 7}, {"name": "Protocol Buffers", "score": 6}, {"name": "gRPC", "score": 4}, {"name": "gRPC Gateway", "score": 4}, {"name": "Google Cloud", "score": 9}, {"name": "gofmt", "score": 2}], "data_science": [], "devops": [{"name": "Jib", "score": 9}, {"name": "travis-ci", "score": 5}, {"name": "Maven", "score": 8}, {"name": "Bazel", "score": 8}, {"name": "Git", "score": 7}, {"name": "Docker", "score": 6}, {"name": "Gradle", "score": 8}, {"name": "Apache Maven", "score": 8}, {"name": "Windows Batch", "score": 9}, {"name": "PowerShell", "score": 2}, {"name": "bash", "score": 2}, {"name": "github", "score": 2}, {"name": "GoDoc", "score": 2}], "qa": [], "embedded": [], "gamedev": [], "mobile": [], "other": [{"name": "C", "score": 8}, {"name": "GCC", "score": 6}, {"name": "x86 Assembly", "score": 4}, {"name": "xsaveintrin.h", "score": 2}, {"name": "Apache License", "score": 10}, {"name": "Perl", "score": 8}, {"name": "Go", "score": 6}, {"name": "BSD", "score": 2}, {"name": "protobuf", "score": 8}, {"name": "bash", "score": 8}, {"name": "math", "score": 2}, {"name": "Makefile", "score": 8}, {"name": "Windows", "score": 7}, {"name": "cmd", "score": 6}, {"name": "ANSI", "score": 10}, {"name": "MIT", "score": 1}]}, "resume": "Разработчик имеет широкий спектр компетенций, включая опыт работы с языками программирования Go, Java, Python, C и Perl, а также с различными инструментами и технологиями, такими как Maven, Docker, Git, GitHub и Google Cloud. Сильными сторонами разработчика можно считать его глубокое понимание языков программирования Go и Java, а также его опыт работы с инструментами автоматизации сборки и деплоя, такими как Maven и Bazel. Слабыми сторонами можно считать относительно низкий уровень знаний в области x86 Assembly, gRPC и gRPC Gateway.", "repo_name": "GoogleContainerTools/skaffold"}