{"competencies": {"frontend": [{"name": "CSS", "score": 10}, {"name": "SCSS", "score": 10}, {"name": "HTML", "score": 5}, {"name": "JavaScript", "score": 2}], "backend": [{"name": "python", "score": 7}, {"name": "Python", "score": 8}, {"name": "Node.js", "score": 2}, {"name": "Jinja2", "score": 8}], "data_science": [], "devops": [{"name": "docker", "score": 9}, {"name": "ubuntu", "score": 3}, {"name": "squid", "score": 3}, {"name": "Docker", "score": 9}, {"name": "GitHub Actions", "score": 9}, {"name": "QEMU", "score": 4}, {"name": "Docker Hub", "score": 6}, {"name": "Docker Buildx", "score": 6}, {"name": "Ubuntu", "score": 4}, {"name": "bash", "score": 6}, {"name": "npm", "score": 1}, {"name": "Git", "score": 1}, {"name": "Squid", "score": 10}], "qa": [{"name": "pytest", "score": 9}, {"name": "selenium", "score": 6}, {"name": "playwright", "score": 6}, {"name": "flake8", "score": 6}], "embedded": [], "gamedev": [], "mobile": [], "other": [{"name": "bash", "score": 8}, {"name": "jq", "score": 4}, {"name": "json", "score": 4}, {"name": "Apache License", "score": 10}, {"name": "SVG", "score": 10}]}, "resume": "Разработчик имеет широкий спектр компетенций, особенно веб-разработке и DevOps. Он демонстрирует высокий уровень владения CSS, SCSS, Jinja2 и Squid, а также имеет хорошие навыки в Docker, GitHub Actions, pytest и bash. Однако его знания в HTML, JavaScript, Node.js и npm несколько ограничены. Кроме того, он имеет опыт работы с Python, но его оценки по этому языку программирования противоречивы.", "repo_name": "dgtlmoon/changedetection.io"}