{"competencies": {"frontend": [], "backend": [{"name": "Go", "score": 10}, {"name": "Ruby", "score": 2}], "data_science": [], "devops": [{"name": "GitHub Actions", "score": 10}, {"name": "Docker", "score": 8}, {"name": "Ubuntu", "score": 2}, {"name": "goreleaser", "score": 8}, {"name": "package_cloud", "score": 4}], "qa": [{"name": "golangci-lint", "score": 8}], "embedded": [], "gamedev": [], "mobile": [], "other": []}, "resume": "Разработчик имеет глубокие знания и опыт работы с языком Go, а также демонстрирует высокую квалификацию в использовании инструментов автоматизации и контейнеризации, таких как GitHub Actions и Docker. Он также знаком с goreleaser и golangci-lint, что указывает на умение поддерживать качество и автоматизировать процесс выпуска программного обеспечения. Слабой стороной может быть ограниченный опыт работы с Ruby и Ubuntu, а также относительно небольшой опыт с package_cloud.", "repo_name": "golang-migrate/migrate"}