{"competencies": {"frontend": [], "backend": [{"name": "Go", "score": 6}, {"name": "Python", "score": 8}, {"name": "go", "score": 6}, {"name": "openapi", "score": 2}, {"name": "json", "score": 2}, {"name": "yaml", "score": 2}, {"name": "Ruby", "score": 6}, {"name": "C++", "score": 6}, {"name": "Java", "score": 5}, {"name": "Protocol Buffers", "score": 10}, {"name": "Envoy", "score": 10}, {"name": "gRPC", "score": 8}, {"name": "protobuf", "score": 8}, {"name": "protoc-gen-go", "score": 8}, {"name": "protoc-gen-validate", "score": 6}, {"name": "udpa", "score": 6}, {"name": "math", "score": 2}, {"name": "fmt", "score": 2}, {"name": "proto", "score": 2}], "data_science": [], "devops": [{"name": "Git", "score": 7}, {"name": "kubernetes", "score": 4}, {"name": "Vagrant", "score": 8}, {"name": "Bash", "score": 7}, {"name": "jq", "score": 2}, {"name": "curl", "score": 2}, {"name": "Consul", "score": 5}, {"name": "Linux", "score": 4}, {"name": "DNS", "score": 1}, {"name": "Bazel", "score": 8}, {"name": "makefile", "score": 6}, {"name": "Gazelle", "score": 6}, {"name": "Makefile", "score": 6}, {"name": "dep", "score": 2}, {"name": "govvv", "score": 2}, {"name": "Docker", "score": 8}, {"name": "git", "score": 4}, {"name": "bash", "score": 4}, {"name": "tar", "score": 2}], "qa": [{"name": "go-fuzz", "score": 9}, {"name": "golangci-lint", "score": 6}], "embedded": [], "gamedev": [], "mobile": [], "other": [{"name": "Makefile", "score": 8}, {"name": "bash", "score": 8}, {"name": "C", "score": 8}, {"name": "Apache License", "score": 10}, {"name": "protobuf", "score": 8}, {"name": "gogoproto", "score": 2}, {"name": "Consul", "score": 8}, {"name": "Vault", "score": 9}, {"name": "PKI", "score": 7}, {"name": "TTL", "score": 2}, {"name": "WAN Federation", "score": 1}, {"name": "PEM", "score": 1}, {"name": "CA", "score": 1}, {"name": "Protocol Buffers", "score": 9}, {"name": "github", "score": 2}, {"name": "dns", "score": 4}]}, "resume": "Разработчик имеет широкий спектр компетенций, включая опыт работы с различными программными языками, такими как Go, Python, Ruby, C++ и Java. Он также знаком с инструментами и технологиями, такими как Protocol Buffers, gRPC, Envoy, Consul и Kubernetes. Сильными сторонами разработчика являются его навыки в области сетевых протоколов и распределенных систем. Однако, судя по оценкам, ему необходимо улучшить свои знания в области DNS и некоторых других сетевых технологий.", "repo_name": "hashicorp/consul"}