{"competencies": {"frontend": [], "backend": [{"name": "C++", "score": 2}, {"name": "C", "score": 2}, {"name": "Visual C++", "score": 1}, {"name": "fs", "score": 6}], "data_science": [{"name": "Python", "score": 2}], "devops": [{"name": "CMake", "score": 8}, {"name": "Linux", "score": 4}, {"name": "BSD", "score": 2}, {"name": "X11", "score": 4}, {"name": "Wine", "score": 2}], "qa": [{"name": "CTest", "score": 6}], "embedded": [], "gamedev": [{"name": "OpenGL", "score": 2}, {"name": "GLEW", "score": 6}], "mobile": [{"name": "Cocoa", "score": 5}, {"name": "AppKit", "score": 2}], "other": [{"name": "C++", "score": 8}, {"name": "Core Graphics", "score": 9}, {"name": "Core Foundation", "score": 9}, {"name": "Wine", "score": 1}, {"name": "OpenSCAD", "score": 10}, {"name": "NSIS", "score": 8}, {"name": "mingw-cross-env", "score": 6}, {"name": "Windows", "score": 4}, {"name": "PNG", "score": 4}, {"name": "C", "score": 2}, {"name": "CGL", "score": 2}, {"name": "Core Services", "score": 2}, {"name": "CGAL", "score": 8}, {"name": "OpenCSG", "score": 6}, {"name": "STL", "score": 4}, {"name": "OFF", "score": 2}, {"name": "DXF", "score": 2}]}, "resume": "Разработчик имеет широкий спектр компетенций, включая опыт работы с языками программирования C, C++, Python, а также с различными библиотеками и фреймворками, такими как OpenGL, GLEW, Core Graphics, Core Foundation, CGAL. Сильными сторонами разработчика являются его навыки в разработке под различные платформы, включая Linux, BSD, Windows, а также опыт работы с инструментами сборки, такими как CMake и CTest. Слабыми сторонами могут быть относительно ограниченный опыт работы с некоторыми технологиями, такими как X11, Wine и AppKit.", "repo_name": "openscad/openscad"}