{"competencies": {"frontend": [], "backend": [{"name": "Go", "score": 8}, {"name": "Sarama", "score": 9}, {"name": "Kafka", "score": 6}, {"name": "ruby", "score": 8}, {"name": "Java", "score": 6}, {"name": "go", "score": 10}, {"name": "kafka", "score": 6}, {"name": "zookeeper", "score": 6}], "data_science": [], "devops": [], "qa": [], "embedded": [], "gamedev": [], "mobile": [], "other": [{"name": "Apache Kafka", "score": 10}, {"name": "Apache ZooKeeper", "score": 8}, {"name": "bash", "score": 8}, {"name": "nc", "score": 2}, {"name": "sed", "score": 4}, {"name": "expr", "score": 4}, {"name": "toxiproxy", "score": 4}]}, "resume": "Разработчик имеет широкий спектр компетенций, особенно веб-разработке и технологиях, связанных с обработкой данных в режиме реального времени. Он демонстрирует высокий уровень мастерства в таких технологиях, как Go, Apache Kafka и Apache ZooKeeper, а также проявляет приличный уровень навыков в Ruby и Java. Однако у него есть некоторые пробелы в знаниях базовых системных утилит, таких как nc, sed и expr, где он демонстрирует более низкий уровень компетенции.", "repo_name": "IBM/sarama"}