{"competencies": {"frontend": [{"name": "SVG", "score": 8}], "backend": [{"name": "python", "score": 8}, {"name": "pip", "score": 4}, {"name": "ipython", "score": 6}], "data_science": [{"name": "FiftyOne", "score": 9}], "devops": [{"name": "bash", "score": 5}, {"name": "docker", "score": 3}], "qa": [], "embedded": [], "gamedev": [], "mobile": [], "other": [{"name": "ffmpeg", "score": 2}, {"name": "XML", "score": 6}, {"name": "Adobe Illustrator", "score": 4}, {"name": "Python", "score": 10}, {"name": "jinja2", "score": 8}, {"name": "xml", "score": 9}, {"name": "OpenCV", "score": 6}, {"name": "Colab", "score": 7}, {"name": "pip", "score": 5}]}, "resume": "Разработчик имеет широкий спектр компетенций, включая профессиональное владение языками программирования Python и его инструментами, такими как pip и iPython. Он также демонстрирует высокий уровень компетенции в работе с видео и изображениями, используя такие инструменты как OpenCV, ffmpeg и Adobe Illustrator. Однако заметно, что его опыт работы с Docker и ffmpeg пока еще развивается.\n\nСильными сторонами разработчика можно назвать его профессиональное владение Python, навыки работы с видео и изображениями, а также опыт работы с инструментами визуализации данных. Слабыми сторонами можно назвать ограниченный опыт работы с Docker и ffmpeg, которые могут быть важными инструментами в определенных проектах.", "repo_name": "voxel51/fiftyone"}