{"competencies": {"frontend": [{"name": "CSS", "score": 8}], "backend": [{"name": "traefik", "score": 9}, {"name": "go", "score": 9}, {"name": "Go", "score": 6}, {"name": "gofmt", "score": 6}, {"name": "golint", "score": 6}, {"name": "Azure Service Fabric", "score": 8}], "data_science": [], "devops": [{"name": "git", "score": 2}, {"name": "docker", "score": 8}, {"name": "traefik", "score": 9}, {"name": "Traefik", "score": 9}, {"name": "Docker", "score": 8}, {"name": "Makefile", "score": 9}, {"name": "bash", "score": 7}], "qa": [{"name": "errcheck", "score": 4}], "embedded": [], "gamedev": [], "mobile": [], "other": [{"name": "bash", "score": 3}, {"name": "curl", "score": 8}, {"name": "Apache License", "score": 10}, {"name": "yaml", "score": 6}, {"name": "Hugo", "score": 8}, {"name": "TOML", "score": 2}]}, "resume": "Разработчик имеет широкий спектр компетенций, включая опыт работы с веб-технологиями (CSS, Traefik, Docker), языками программирования (Go, Go) и инструментами разработки (Makefile, git). Сильными сторонами разработчика можно назвать его высокий уровень знаний в Traefik и Makefile, а также опыт работы с Azure Service Fabric и Apache License. Слабыми сторонами можно считать относительно низкий уровень знаний в git, TOML и некоторые инструменты проверки кода (errcheck, golint).", "repo_name": "traefik/traefik"}