{"competencies": {"frontend": [{"name": "HTML", "score": 8}, {"name": "CSS", "score": 6}, {"name": "JavaScript", "score": 4}, {"name": "jQuery", "score": 4}, {"name": "Bootstrap", "score": 4}, {"name": "less", "score": 10}, {"name": "css", "score": 10}, {"name": "bootstrap", "score": 10}, {"name": "javascript", "score": 1}], "backend": [{"name": "Go", "score": 2}, {"name": "go", "score": 8}, {"name": "godep", "score": 5}, {"name": "golang", "score": 10}, {"name": "protobuf", "score": 10}, {"name": "Yacc", "score": 9}, {"name": "Bison", "score": 6}, {"name": "Prometheus", "score": 7}, {"name": "grpc", "score": 4}, {"name": "Python", "score": 8}, {"name": "msgpack", "score": 6}, {"name": "cbor", "score": 6}, {"name": "msgpack-rpc-python", "score": 6}, {"name": "threading", "score": 4}], "data_science": [], "devops": [{"name": "Prometheus", "score": 8}, {"name": "docker", "score": 8}, {"name": "prometheus", "score": 9}, {"name": "bash", "score": 5}, {"name": "make", "score": 5}, {"name": "git", "score": 5}, {"name": "alpine", "score": 5}, {"name": "busybox", "score": 5}, {"name": "openssl", "score": 5}, {"name": "kubernetes", "score": 10}], "qa": [], "embedded": [], "gamedev": [], "mobile": [], "other": [{"name": "protobuf", "score": 10}, {"name": "Apache License", "score": 2}, {"name": "bash", "score": 3}, {"name": "pip", "score": 2}, {"name": "apt-get", "score": 2}, {"name": "Linux", "score": 2}, {"name": "gzip", "score": 10}, {"name": "Perl", "score": 8}, {"name": "C", "score": 8}, {"name": "Go", "score": 6}, {"name": "gccgo", "score": 7}, {"name": "syscall", "score": 5}, {"name": "BSD", "score": 2}]}, "resume": "Разработчик имеет широкий спектр компетенций, включая в себя веб-разработку (HTML, CSS, JavaScript, jQuery, Bootstrap) и разработку на языках Go и Python. Он также знаком с системным администрированием (Linux, Docker, Kubernetes) и имеет опыт работы с различными инструментами и технологиями, такими как Prometheus, grpc, protobuf, msgpack и Yacc. Однако, судя по оценкам, у разработчика есть определенные пробелы в знаниях, особенно в области JavaScript и некоторых системных инструментов.", "repo_name": "prometheus/prometheus"}