{"competencies": {"frontend": [{"name": "HTML", "score": 8}, {"name": "CSS", "score": 2}, {"name": "JavaScript", "score": 6}, {"name": "RapiDoc", "score": 4}, {"name": "Shadow DOM", "score": 2}], "backend": [{"name": "Java", "score": 10}, {"name": "Undertow", "score": 6}, {"name": "Guice", "score": 4}, {"name": "Apache Commons", "score": 2}, {"name": "Jackson", "score": 2}, {"name": "java", "score": 4}, {"name": "PostgreSQL", "score": 10}, {"name": "gradle", "score": 9}, {"name": "Python", "score": 8}, {"name": "API", "score": 6}, {"name": "Swagger", "score": 2}, {"name": "Gradle", "score": 8}], "data_science": [{"name": "Treasure Data", "score": 8}, {"name": "CSV", "score": 4}, {"name": "JSON", "score": 2}], "devops": [{"name": "Gradle", "score": 8}, {"name": "SSL", "score": 2}, {"name": "HTTPS", "score": 2}, {"name": "YAML", "score": 2}, {"name": "Maven", "score": 8}, {"name": "Docker", "score": 6}, {"name": "Bash", "score": 4}, {"name": "Travis", "score": 4}, {"name": "Digdag", "score": 8}], "qa": [{"name": "Coveralls", "score": 4}, {"name": "Jacoco", "score": 4}], "embedded": [], "gamedev": [], "mobile": [], "other": [{"name": "logback", "score": 8}, {"name": "xml", "score": 6}, {"name": "Apache License", "score": 10}, {"name": "bash", "score": 8}, {"name": "Swagger", "score": 8}, {"name": "JSON", "score": 9}, {"name": "YAML", "score": 2}]}, "resume": "Разработчик имеет широкий спектр компетенций, включая в себя веб-разработку (HTML, CSS, JavaScript), разработку на Java с использованием фреймворков и библиотек (Undertow, Guice, Apache Commons, Jackson), а также опыт работы с базами данных (PostgreSQL) и инструментами автоматизации сборки (Gradle, Maven). Сильными сторонами разработчика являются его глубокие знания в области Java, PostgreSQL и Gradle, а также опыт работы с разными инструментами и технологиями. Слабыми сторонами могут быть ограниченный опыт работы с CSS и Shadow DOM, а также относительно низкий уровень владения некоторыми инструментами, такими как RapiDoc и Swagger.", "repo_name": "treasure-data/digdag"}