{"competencies": {"frontend": [{"name": "CSS", "score": 10}, {"name": "HTML", "score": 5}, {"name": "SCSS", "score": 8}, {"name": "Tailwind CSS", "score": 5}, {"name": "React", "score": 2}, {"name": "JavaScript", "score": 1}, {"name": "react", "score": 8}, {"name": "react-dom", "score": 8}, {"name": "react-scripts", "score": 2}, {"name": "javascript", "score": 6}, {"name": "css", "score": 2}], "backend": [{"name": "JavaScript", "score": 8}, {"name": "Node.js", "score": 8}, {"name": "child_process", "score": 2}, {"name": "fs", "score": 4}, {"name": "path", "score": 2}, {"name": "util", "score": 2}, {"name": "TypeScript", "score": 8}, {"name": "Babel", "score": 3}, {"name": "GraphQL", "score": 2}], "data_science": [], "devops": [], "qa": [{"name": "ESLint", "score": 9}, {"name": "Prettier", "score": 3}], "embedded": [], "gamedev": [], "mobile": [], "other": [{"name": "curl", "score": 2}, {"name": "woff2", "score": 2}, {"name": "npm", "score": 2}, {"name": "YAML", "score": 8}, {"name": "Markdown", "score": 9}]}, "resume": "Разработчик имеет широкий спектр компетенций, включая в себя веб-разработку на основе React, JavaScript и CSS. Он демонстрирует сильные стороны в работе с фреймворком React, TypeScript и ESLint, а также знаком с Node.js, GraphQL и YAML. Однако его знания HTML и некоторых других технологий, таких как SCSS и Tailwind CSS, несколько ограничены.", "repo_name": "reactjs/react.dev"}