{"competencies": {"frontend": [], "backend": [{"name": "Python", "score": 8}, {"name": "C++", "score": 10}, {"name": "protobuf", "score": 5}, {"name": "re2", "score": 5}, {"name": "zlib", "score": 5}, {"name": "capstone", "score": 5}, {"name": "abseil-cpp", "score": 8}, {"name": "Google C++ Style Guide", "score": 1}, {"name": "C", "score": 4}], "data_science": [], "devops": [{"name": "CMake", "score": 10}, {"name": "git", "score": 2}, {"name": "tar", "score": 4}, {"name": "rsync", "score": 4}, {"name": "cmake", "score": 2}, {"name": "clang-format", "score": 2}, {"name": "GitHub", "score": 2}, {"name": "Makefile", "score": 6}, {"name": "Git", "score": 4}, {"name": "bloaty", "score": 4}], "qa": [{"name": "googletest", "score": 5}, {"name": "FileCheck", "score": 4}], "embedded": [], "gamedev": [], "mobile": [], "other": [{"name": "bash", "score": 8}, {"name": "protobuf", "score": 2}, {"name": "capstone", "score": 2}, {"name": "abseil-cpp", "score": 1}, {"name": "Google Individual Contributor License Agreement", "score": 1}, {"name": "Software Grant and Corporate Contributor License Agreement", "score": 1}, {"name": "ELF", "score": 8}, {"name": "DWARF", "score": 8}, {"name": "x86-64", "score": 6}, {"name": "yaml", "score": 4}]}, "resume": "Разработчик имеет широкий спектр компетенций, особенно в области программирования на C++ и Python. Он демонстрирует высокий уровень владения инструментами и технологиями, связанными с разработкой и сборкой проектов, такими как CMake и Git. Сильные стороны включают в себя опыт работы с низкоуровневыми технологиями (ELF, DWARF, x86-64) и системными инструментами (bash, Makefile, clang-format). Однако, некоторые навыки, такие как Google C++ Style Guide, Git и GitHub, требуют улучшения.", "repo_name": "google/bloaty"}