{"competencies": {"frontend": [{"name": "HTML", "score": 3}, {"name": "Hiccup", "score": 4}, {"name": "Enlive", "score": 2}, {"name": "CSS", "score": 8}, {"name": "YUI Compressor", "score": 3}, {"name": "html", "score": 4}], "backend": [{"name": "Java", "score": 10}, {"name": "JSP", "score": 10}, {"name": "JSTL", "score": 10}, {"name": "PostgreSQL", "score": 9}, {"name": "libpq", "score": 7}, {"name": "TCP", "score": 6}, {"name": "C#", "score": 8}, {"name": "Nancy", "score": 6}, {"name": "Event2", "score": 4}, {"name": ".NET", "score": 4}, {"name": "MySQL", "score": 2}, {"name": "ThreadPool", "score": 2}, {"name": "Twig", "score": 8}, {"name": "PHP", "score": 8}, {"name": "c++", "score": 6}, {"name": "Resin", "score": 4}, {"name": "JSF", "score": 6}, {"name": "Facelets", "score": 4}, {"name": "C++", "score": 8}, {"name": "SQL", "score": 6}, {"name": "JSON", "score": 4}, {"name": "HTTP", "score": 4}, {"name": "UOrm", "score": 6}, {"name": "UVector", "score": 4}, {"name": "UValue", "score": 4}, {"name": "Elixir", "score": 8}, {"name": "java", "score": 6}, {"name": "gradle", "score": 9}, {"name": "Grails", "score": 8}, {"name": "Symfony", "score": 6}, {"name": "cpoll_cppsp", "score": 8}, {"name": "Postgres", "score": 6}, {"name": "CPoll", "score": 8}, {"name": "Clojure", "score": 8}, {"name": "Compojure", "score": 7}, {"name": "Ring", "score": 5}, {"name": "Korma", "score": 6}, {"name": "c3p0", "score": 3}, {"name": "ServiceStack", "score": 6}, {"name": "ORM", "score": 7}, {"name": "ASP.NET", "score": 8}, {"name": "cppsp", "score": 4}, {"name": "mysqlclient", "score": 2}, {"name": "CakePHP", "score": 9}, {"name": "Perl", "score": 8}, {"name": "Dancer", "score": 6}, {"name": "DBI", "score": 6}, {"name": "JSON::XS", "score": 4}, {"name": "Python", "score": 8}, {"name": "Ruby", "score": 8}, {"name": "Jetty", "score": 6}, {"name": "Hibernate", "score": 7}, {"name": "Tapestry", "score": 8}, {"name": "Jackson", "score": 4}, {"name": "Haskell", "score": 8}, {"name": "Aeson", "score": 4}, {"name": "Conduit", "score": 4}, {"name": "WAI", "score": 8}, {"name": "Warp", "score": 8}, {"name": "sinatra", "score": 8}, {"name": "activerecord", "score": 8}, {"name": "rack", "score": 6}, {"name": "mysql2", "score": 6}, {"name": "lua", "score": 8}, {"name": "lapis", "score": 9}, {"name": "lapis.db", "score": 6}, {"name": "lapis.db.model", "score": 6}, {"name": "lapis.config", "score": 3}, {"name": "table", "score": 4}, {"name": "math", "score": 2}, {"name": "json", "score": 5}, {"name": "Maven", "score": 6}], "data_science": [], "devops": [{"name": "Linux", "score": 5}, {"name": "IIS", "score": 7}, {"name": "nginx", "score": 10}, {"name": "MSBuild", "score": 8}, {"name": "MSDeploy", "score": 7}, {"name": "git", "score": 10}, {"name": "Gradle", "score": 8}, {"name": "Maven", "score": 4}, {"name": "Cabal", "score": 6}, {"name": "GHC", "score": 6}, {"name": "passenger", "score": 4}, {"name": "unicorn", "score": 4}, {"name": "NuGet", "score": 9}], "qa": [{"name": "TestNG", "score": 5}], "embedded": [], "gamedev": [], "mobile": [], "other": [{"name": "XML", "score": 8}, {"name": "Nim", "score": 8}, {"name": "Racket", "score": 8}, {"name": "bash", "score": 8}, {"name": "qmake", "score": 8}, {"name": "Eclipse", "score": 6}, {"name": "XSD", "score": 9}, {"name": "Windows", "score": 9}, {"name": "ATS", "score": 8}, {"name": "C++", "score": 8}, {"name": "Qt", "score": 9}, {"name": "QVariant", "score": 6}, {"name": "QString", "score": 6}, {"name": "QDateTime", "score": 4}, {"name": "QSharedDataPointer", "score": 5}, {"name": "QList", "score": 5}, {"name": "Q_DECLARE_METATYPE", "score": 4}, {"name": "CLDR", "score": 1}, {"name": "PowerShell", "score": 8}, {"name": "MSBuild", "score": 6}, {"name": "Visual Studio", "score": 4}, {"name": "cppsp", "score": 4}, {"name": "JSON", "score": 2}, {"name": "C", "score": 2}, {"name": "std", "score": 2}, {"name": "CP", "score": 2}, {"name": "NuGet", "score": 6}, {"name": "rubygems", "score": 2}, {"name": "Mono", "score": 3}]}, "resume": "Разработчик имеет широкий спектр компетенций, охватывающих различные языки программирования, фреймворки и технологии. Сильными сторонами разработчика являются:\n\n- глубокое знание Java, JSP, JSTL, PostgreSQL и libpq, что позволяет ему эффективно работать с веб-приложениями и базами данных;\n- опыт работы с различными фреймворками, такими как Grails, Symfony, ASP.NET, Ruby on Rails и Django, что дает ему гибкость в выборе технологий для решения задач;\n- знание нескольких языков программирования, включая Java, C#, C++, Python, Ruby, PHP и Perl, что позволяет ему легко переключаться между проектами;\n- опыт работы с различными базами данных, включая PostgreSQL, MySQL и Oracle, что дает ему возможность работать с разными типами данных;\n- знание различных технологий, таких как JSON, XML, HTTP и TCP/IP, что позволяет ему эффективно работать с данными и коммуникациями в сети.\n\nСлабые стороны разработчика:\n\n- относительно низкий уровень знаний в некоторых областях, таких как CLDR, CP, C и std, что может ограничить его возможности в определенных проектах;\n- возможная нехватка опыта в некоторых конкретных технологиях, таких как Haskell, Nim и Racket, что", "repo_name": "TechEmpower/FrameworkBenchmarks"}