{"competencies": {"frontend": [{"name": "HTML", "score": 3}], "backend": [{"name": "Java", "score": 9}, {"name": "JDBI", "score": 8}, {"name": "H2", "score": 6}], "data_science": [], "devops": [{"name": "Maven", "score": 9}], "qa": [{"name": "JUnit", "score": 5}, {"name": "Apache Maven Surefire", "score": 4}], "embedded": [], "gamedev": [], "mobile": [], "other": [{"name": "Apache Maven", "score": 8}, {"name": "Windows Batch", "score": 10}, {"name": "PowerShell", "score": 6}, {"name": "Apache License", "score": 2}, {"name": "JIRA", "score": 2}, {"name": "GitHub", "score": 2}]}, "resume": "Разработчик имеет широкий спектр компетенций, особенно веб-разработке и Java-технологиях. Он демонстрирует сильные стороны в разработке на Java, а также в работе с инструментами сборки и управления зависимостями, такими как Maven. Однако ему требуется улучшение навыков в HTML, Apache License и некоторых других областях, где он имеет более низкий уровень квалификации.", "repo_name": "jdbi/jdbi"}