{"competencies": {"frontend": [{"name": "CSS", "score": 8}], "backend": [{"name": "python", "score": 4}, {"name": "pip", "score": 4}, {"name": "mysql", "score": 4}], "data_science": [], "devops": [{"name": "docker", "score": 8}, {"name": "bash", "score": 6}, {"name": "linux", "score": 2}, {"name": "wget", "score": 2}, {"name": "supervisord", "score": 2}, {"name": "github", "score": 6}, {"name": "dockerfile", "score": 4}, {"name": "ubuntu", "score": 2}], "qa": [], "embedded": [], "gamedev": [], "mobile": [], "other": [{"name": "github", "score": 2}, {"name": "yaml", "score": 2}]}, "resume": "Разработчик имеет широкий спектр компетенций, особенно веб-разработке и DevOps. Его сильными сторонами являются опыт в CSS, docker и bash, которые указывают на хорошие навыки в создании веб-приложений и автоматизации процессов. Однако его знания в python, mysql, linux и других технологиях пока еще не достигли такого же уровня, что может быть ограничением в некоторых проектах.", "repo_name": "hhyo/Archery"}