{"competencies": {"frontend": [], "backend": [{"name": "go", "score": 9}, {"name": "Go", "score": 6}], "data_science": [], "devops": [{"name": "Kubernetes", "score": 8}, {"name": "Git", "score": 8}, {"name": "Helm", "score": 8}, {"name": "docker", "score": 8}, {"name": "alpine", "score": 6}, {"name": "kubectl", "score": 9}, {"name": "curl", "score": 4}, {"name": "apk", "score": 4}, {"name": "linux", "score": 4}, {"name": "bash", "score": 4}, {"name": "flux", "score": 4}, {"name": "github", "score": 8}, {"name": "fossa", "score": 4}, {"name": "codeql", "score": 8}, {"name": "snyk", "score": 6}, {"name": "ubuntu", "score": 4}, {"name": "actions", "score": 8}, {"name": "sarif", "score": 4}, {"name": "kustomize", "score": 2}, {"name": "ssh-rsa", "score": 1}], "qa": [], "embedded": [], "gamedev": [], "mobile": [], "other": [{"name": "Markdown", "score": 4}, {"name": "bash", "score": 2}, {"name": "zsh", "score": 2}, {"name": "glibc", "score": 1}, {"name": "github", "score": 1}, {"name": "fish", "score": 1}]}, "resume": "Разработчик имеет широкий спектр компетенций, особенно в области контейнеризации и оркестрации с помощью Docker, Kubernetes и Helm. Он также демонстрирует хорошие знания в разработке на Go и работе с системами управления версиями, такими как Git и GitHub. Однако, есть области, в которых ему необходимо улучшить свои навыки, например, в использовании kustomize, ssh-rsa, glibc, fish и других инструментов, где его оценки ниже.", "repo_name": "fluxcd/flux2"}