{"competencies": {"frontend": [{"name": "JavaScript", "score": 10}, {"name": "CSS", "score": 8}, {"name": "HTML", "score": 3}], "backend": [{"name": "C", "score": 10}, {"name": "C++", "score": 10}, {"name": "Python", "score": 10}, {"name": "TypeScript", "score": 6}, {"name": "asyncio", "score": 4}, {"name": "Pyodide", "score": 7}, {"name": "Webloop", "score": 3}, {"name": "Node.js", "score": 7}, {"name": "fs", "score": 3}, {"name": "CPython", "score": 9}, {"name": "JavaScript", "score": 9}, {"name": "python", "score": 5}], "data_science": [], "devops": [{"name": "bash", "score": 4}, {"name": "docker", "score": 10}], "qa": [], "embedded": [], "gamedev": [], "mobile": [], "other": [{"name": "UCS4", "score": 1}, {"name": "UCS2", "score": 1}, {"name": "UCS1", "score": 1}, {"name": "UTF8", "score": 1}, {"name": "ASCII", "score": 1}, {"name": "WASM", "score": 1}, {"name": "Python", "score": 10}, {"name": "Sphinx", "score": 9}, {"name": "re", "score": 6}, {"name": "sphinx_autodoc_typehints", "score": 8}, {"name": "typing", "score": 5}, {"name": "inspect", "score": 5}, {"name": "Emscripten", "score": 5}, {"name": "Pyodide", "score": 4}, {"name": "WebAssembly", "score": 8}, {"name": "Wasm", "score": 7}, {"name": "JSPI", "score": 6}, {"name": "C", "score": 8}, {"name": "Jinja2", "score": 8}, {"name": "reStructuredText", "score": 8}, {"name": "soupsieve", "score": 10}, {"name": "beautifulsoup4", "score": 1}, {"name": "python", "score": 10}, {"name": "pyodide-build", "score": 1}, {"name": "bash", "score": 10}]}, "resume": "Разработчик имеет широкий спектр компетенций, включая профессиональное владение языками программирования C, C++, Python и JavaScript, а также опыт работы с фреймворками и библиотеками, такими как Node.js, Pyodide и WebAssembly. Сильными сторонами разработчика являются его умение работать с разными языками программирования, опыт в разработке веб-приложений и знания в области сборки и компиляции кода. Слабые стороны разработчика включают ограниченный опыт работы с HTML и CSS, что может быть недостатком при разработке веб-приложений с сложными интерфейсами.", "repo_name": "pyodide/pyodide"}