{"competencies": {"frontend": [{"name": "HTML", "score": 8}, {"name": "CSS", "score": 2}, {"name": "JavaScript", "score": 6}, {"name": "React", "score": 9}, {"name": "create-react-app", "score": 7}, {"name": "three.js", "score": 1}, {"name": "antd", "score": 8}, {"name": "moment", "score": 6}, {"name": "i18next", "score": 6}, {"name": "npm", "score": 7}, {"name": "Create React App", "score": 8}, {"name": "Webpack", "score": 4}, {"name": "Babel", "score": 4}, {"name": "ESLint", "score": 4}, {"name": "LESS", "score": 6}, {"name": "SVG", "score": 10}], "backend": [{"name": "go", "score": 5}, {"name": "mysql", "score": 3}], "data_science": [], "devops": [{"name": "npm", "score": 8}, {"name": "yarn", "score": 2}, {"name": "SSL/TLS", "score": 10}], "qa": [], "embedded": [], "gamedev": [], "mobile": [], "other": [{"name": "bash", "score": 3}, {"name": "curl", "score": 2}, {"name": "Apache License", "score": 10}]}, "resume": "Разработчик имеет широкий спектр компетенций, особенно веб-разработки. Он демонстрирует высокий уровень владения React, SVG и SSL/TLS, что указывает на сильные навыки в разработке веб-приложений и обеспечении безопасности. Однако ему требуется улучшение навыков в таких областях, как CSS, three.js, go, mysql, bash и curl.", "repo_name": "casibase/casibase"}