{"competencies": {"frontend": [], "backend": [{"name": "SQL", "score": 8}, {"name": "Python", "score": 10}, {"name": "psycopg2", "score": 8}, {"name": "pg", "score": 8}, {"name": "getopt", "score": 6}, {"name": "getpass", "score": 6}, {"name": "os", "score": 6}, {"name": "re", "score": 6}, {"name": "time", "score": 6}, {"name": "traceback", "score": 6}, {"name": "multiprocessing", "score": 8}], "data_science": [], "devops": [], "qa": [], "embedded": [], "gamedev": [], "mobile": [], "other": []}, "resume": "Разработчик имеет широкий спектр компетенций, особенно в области баз данных и Python-разработки. Он демонстрирует высокий уровень владения Python и соответствующими библиотеками, такими как psycopg2 и pg, что позволяет ему эффективно работать с базами данных. Однако есть области, в которых ему необходимо улучшить свои навыки, например, getopt, getpass, os, re, time и traceback, где его умения еще не достигли такого же высокого уровня, как в Python и базах данных.", "repo_name": "awslabs/amazon-redshift-utils"}