{"competencies": {"frontend": [{"name": "svg", "score": 10}, {"name": "eslint", "score": 2}, {"name": "prettier", "score": 2}, {"name": "HTML", "score": 8}, {"name": "CSS", "score": 6}, {"name": "JavaScript", "score": 7}, {"name": "Astro", "score": 5}, {"name": "react", "score": 8}, {"name": "javascript", "score": 8}, {"name": "typescript", "score": 8}, {"name": "lucide-react", "score": 2}, {"name": "jsx", "score": 8}, {"name": "css", "score": 4}], "backend": [{"name": "node", "score": 8}, {"name": "pnpm", "score": 9}, {"name": "turbo", "score": 3}, {"name": "yarn", "score": 1}, {"name": "npm", "score": 1}, {"name": "rushstack/node-core-library", "score": 2}, {"name": "microsoft/api-extractor-model", "score": 2}, {"name": "javascript", "score": 5}, {"name": "JavaScript", "score": 10}, {"name": "Node.js", "score": 10}, {"name": "Discord.js", "score": 10}, {"name": "REST", "score": 9}, {"name": "discord.js", "score": 6}, {"name": "deno", "score": 8}, {"name": "typescript", "score": 6}, {"name": "node.js", "score": 8}, {"name": "fs", "score": 6}, {"name": "TypeScript", "score": 8}, {"name": "JSON", "score": 6}, {"name": "JSON Schema", "score": 6}, {"name": "ajv", "score": 4}, {"name": "jju", "score": 4}], "data_science": [], "devops": [{"name": "alpine", "score": 6}, {"name": "libc6-compat", "score": 2}, {"name": "corepack", "score": 4}, {"name": "git", "score": 9}], "qa": [{"name": "husky", "score": 1}], "embedded": [], "gamedev": [], "mobile": [], "other": [{"name": "xml", "score": 1}, {"name": "GitHub", "score": 2}, {"name": "jinja2", "score": 8}]}, "resume": "Разработчик имеет широкий спектр компетенций, включая в себя веб-разработку на HTML, CSS, JavaScript и TypeScript, а также опыт работы с фреймворками React и Astro. Сильными сторонами разработчика являются его углублённое знание JavaScript, TypeScript и Node.js, а также опыт работы с пакетными менеджерами pnpm и npm. Однако у него есть некоторые пробелы в знаниях, такие как ограниченный опыт работы с eslint, yarn и husky.", "repo_name": "discordjs/discord.js"}