{"competencies": {"frontend": [], "backend": [{"name": "Java", "score": 6}, {"name": "Python", "score": 4}, {"name": "Apache Kafka", "score": 8}, {"name": "LDAP", "score": 8}, {"name": "Kerberos", "score": 8}, {"name": "Apache ZooKeeper", "score": 8}, {"name": "Batch Script", "score": 6}, {"name": "JDK", "score": 8}, {"name": "Scala", "score": 9}, {"name": "Gradle", "score": 9}, {"name": "Maven", "score": 6}, {"name": "Groovy", "score": 7}, {"name": "Kafka", "score": 6}], "data_science": [], "devops": [{"name": "Docker", "score": 8}, {"name": "Linux", "score": 8}, {"name": "bash", "score": 8}, {"name": "ssh", "score": 6}, {"name": "Gradle", "score": 8}, {"name": "ssh-rsa", "score": 1}, {"name": "Jenkins", "score": 8}], "qa": [], "embedded": [], "gamedev": [], "mobile": [], "other": [{"name": "Kerberos", "score": 8}, {"name": "Apache License", "score": 2}, {"name": "bash", "score": 6}, {"name": "shell", "score": 6}]}, "resume": "Разработчик имеет широкий спектр компетенций, особенно в области Java, Scala и Apache технологий. Его сильными сторонами являются опыт работы с Apache Kafka, Kerberos, ZooKeeper, Gradle и Docker, что позволяет ему эффективно разрабатывать и поддерживать распределенные системы. Однако есть области, в которых ему необходимо улучшить свои навыки, например, Python и ssh-rsa.", "repo_name": "apache/kafka"}