{"competencies": {"frontend": [{"name": "HTML", "score": 4}], "backend": [{"name": "Python", "score": 10}, {"name": "Pip", "score": 6}, {"name": "Setuptools", "score": 4}, {"name": "Wheel", "score": 4}, {"name": "Virtualenv", "score": 4}, {"name": "Eliot", "score": 10}, {"name": "python", "score": 4}, {"name": "JSON", "score": 2}, {"name": "XML", "score": 2}], "data_science": [{"name": "NumPy", "score": 5}, {"name": "Dask", "score": 5}, {"name": "Jupyter", "score": 5}], "devops": [{"name": "GitHub Actions", "score": 8}, {"name": "Ubuntu", "score": 2}, {"name": "Logstash", "score": 8}, {"name": "Elasticsearch", "score": 8}, {"name": "tox", "score": 8}, {"name": "coveralls", "score": 6}, {"name": "Travis-CI", "score": 6}, {"name": "make", "score": 2}], "qa": [{"name": "Tox", "score": 6}], "embedded": [], "gamedev": [], "mobile": [], "other": [{"name": "JSON", "score": 2}, {"name": "Ruby", "score": 2}, {"name": "UTF-8", "score": 1}, {"name": "Sphinx", "score": 8}, {"name": "Batch", "score": 9}, {"name": "Windows", "score": 6}, {"name": "LaTeX", "score": 4}, {"name": "gettext", "score": 2}, {"name": "Texinfo", "score": 2}]}, "resume": "Разработчик имеет широкий спектр компетенций, особенно веб-разработке и работе с данными. Он обладает глубокими знаниями в Python, Eliot и Batch, а также знаком с различными инструментами для управления пакетами, визуализации данных и непрерывной интеграции. Однако, его знания в HTML, Ruby и некоторых других областях могут быть ограничены.", "repo_name": "itamarst/eliot"}