{"competencies": {"frontend": [{"name": "SVG", "score": 4}, {"name": "HTML", "score": 5}, {"name": "webpack", "score": 8}, {"name": "javascript", "score": 6}, {"name": "dotenv-webpack", "score": 4}, {"name": "yarn", "score": 4}, {"name": "CSS", "score": 8}, {"name": "JavaScript", "score": 2}, {"name": "npm", "score": 6}], "backend": [{"name": "SQL", "score": 8}, {"name": "node.js", "score": 1}, {"name": "node", "score": 8}, {"name": "yarn", "score": 9}, {"name": "typescript", "score": 6}, {"name": "puppeteer", "score": 4}, {"name": "GraphQL", "score": 10}, {"name": "Java", "score": 4}, {"name": "TypeScript", "score": 8}, {"name": "Knex.js", "score": 9}, {"name": "PostgreSQL", "score": 8}, {"name": "DataLoader", "score": 6}, {"name": "swift", "score": 10}, {"name": "HTTP", "score": 4}, {"name": "HTTPS", "score": 4}, {"name": "TCP", "score": 4}], "data_science": [{"name": "python", "score": 2}], "devops": [{"name": "gcloud", "score": 2}, {"name": "git", "score": 2}, {"name": "docker", "score": 8}, {"name": "alpine", "score": 6}, {"name": "apk", "score": 4}, {"name": "make", "score": 2}, {"name": "g++", "score": 2}, {"name": "Gradle", "score": 8}, {"name": "bash", "score": 4}, {"name": "Fly.io", "score": 8}], "qa": [], "embedded": [], "gamedev": [], "mobile": [{"name": "Android", "score": 10}, {"name": "Kotlin", "score": 8}, {"name": "Gradle", "score": 6}, {"name": "swift", "score": 6}, {"name": "apple", "score": 4}, {"name": "iOS", "score": 9}, {"name": "Swift", "score": 2}, {"name": "Cocoa Touch", "score": 7}, {"name": "UIKit", "score": 7}, {"name": "ProGuard", "score": 8}, {"name": "Java", "score": 2}, {"name": "JavaScript", "score": 2}, {"name": "Android Studio", "score": 6}, {"name": "AndroidX", "score": 6}], "other": [{"name": "xml", "score": 8}, {"name": "XML", "score": 6}, {"name": "JavaScript", "score": 10}, {"name": "HTML", "score": 8}, {"name": "CSS", "score": 6}, {"name": "XMLHttpRequest", "score": 4}, {"name": "browserApi", "score": 4}, {"name": "URL", "score": 2}, {"name": "getComputedStyle", "score": 2}, {"name": "setTimeout", "score": 2}, {"name": "Promise", "score": 2}, {"name": "RegExp", "score": 1}, {"name": "Xcode", "score": 8}, {"name": "Interface Builder", "score": 8}, {"name": "LLDB", "score": 6}, {"name": "JSON", "score": 8}, {"name": "xcrun", "score": 2}, {"name": "xcode", "score": 2}, {"name": "ESLint", "score": 1}, {"name": "Windows", "score": 7}, {"name": "Apache License", "score": 1}, {"name": "cmd", "score": 6}, {"name": "github", "score": 8}, {"name": "TOML", "score": 6}]}, "resume": "Разработчик имеет широкий спектр компетенций, включая в себя веб-разработку (HTML, CSS, JavaScript, GraphQL), мобильную разработку (Android, iOS, Swift, Kotlin) и бэкенд-разработку (node.js, SQL, Knex.js). Его сильными сторонами являются опыт работы с GraphQL, Android и iOS, а также знание различных инструментов и технологий. Слабыми сторонами можно считать относительно низкий уровень знаний в некоторых областях, таких как RegExp, ESLint и Apache License.", "repo_name": "omnivore-app/omnivore"}