{"competencies": {"frontend": [], "backend": [{"name": "C", "score": 8}, {"name": "C++", "score": 8}, {"name": "GCC", "score": 9}, {"name": "GNU Make", "score": 7}, {"name": "Ninja", "score": 7}, {"name": "MongoDB", "score": 6}, {"name": "Stitch", "score": 8}, {"name": "Ruby", "score": 8}, {"name": "javascript", "score": 8}], "data_science": [], "devops": [{"name": "clang-format", "score": 2}, {"name": "make", "score": 10}, {"name": "Makefile", "score": 9}, {"name": "Linux", "score": 4}, {"name": "Windows", "score": 4}, {"name": "icc", "score": 5}, {"name": "icl", "score": 5}, {"name": "Git", "score": 8}, {"name": "jenkinsfile", "score": 8}, {"name": "git", "score": 6}, {"name": "MSVC", "score": 6}, {"name": "Intel C Compiler", "score": 5}, {"name": "gmake", "score": 10}, {"name": "gcc", "score": 10}, {"name": "bash", "score": 10}, {"name": "ranlib", "score": 10}, {"name": "linux", "score": 10}, {"name": "cc", "score": 8}, {"name": "C", "score": 8}], "qa": [], "embedded": [{"name": "C", "score": 4}], "gamedev": [], "mobile": [], "other": [{"name": "C", "score": 8}, {"name": "Cheetah", "score": 6}, {"name": "Apache License", "score": 2}, {"name": "C++", "score": 8}, {"name": "Visual Studio", "score": 9}, {"name": "Intel(r) Decimal Floating-Point Math Library", "score": 6}, {"name": "Eclipse CDT", "score": 8}, {"name": "Linux", "score": 7}, {"name": "ELF", "score": 6}, {"name": "bash", "score": 8}, {"name": "jq", "score": 6}, {"name": "yq", "score": 2}, {"name": "curl", "score": 4}, {"name": "cmake", "score": 6}, {"name": "ninja", "score": 6}, {"name": "fpm", "score": 8}, {"name": "deb", "score": 4}, {"name": "ldconfig", "score": 2}, {"name": "libssl", "score": 2}, {"name": "JSON", "score": 6}, {"name": "Xcode", "score": 9}, {"name": "openssl", "score": 8}, {"name": "groovy", "score": 8}, {"name": "YAML", "score": 8}, {"name": "XML", "score": 6}, {"name": "Flex", "score": 10}, {"name": "Bison", "score": 10}, {"name": "std", "score": 5}, {"name": "std::string", "score": 5}, {"name": "std::cerrno", "score": 5}, {"name": "std::climits", "score": 5}, {"name": "std::cstdlib", "score": 5}, {"name": "std::cstring", "score": 5}]}, "resume": "Разработчик имеет широкий спектр компетенций, включая опыт работы с языками программирования C, C++, Ruby, Javascript и Groovy. Он также знаком с различными инструментами и технологиями, такими как GNU Make, Ninja, Git, Jenkins, MongoDB, Stitch и Visual Studio. Его сильными сторонами являются опыт работы с системами сборки и управления исходным кодом, а также знание различных операционных систем, включая Linux и Windows. Слабыми сторонами можно назвать относительно низкий уровень знаний в области работы с clang-format, yq, ldconfig и libssl.", "repo_name": "realm/realm-core"}