{"competencies": {"frontend": [{"name": "HTML", "score": 6}, {"name": "CSS", "score": 2}, {"name": "SVG", "score": 10}, {"name": "Infima", "score": 5}, {"name": "JavaScript", "score": 4}, {"name": "React", "score": 8}, {"name": "classnames", "score": 6}], "backend": [{"name": "golang", "score": 10}, {"name": "go mod", "score": 4}, {"name": "Jinja2", "score": 8}, {"name": "java", "score": 2}, {"name": "Go", "score": 10}, {"name": "go", "score": 10}], "data_science": [], "devops": [{"name": "docker", "score": 10}, {"name": "debian", "score": 8}, {"name": "make", "score": 6}, {"name": "apt-get", "score": 6}, {"name": "bash", "score": 6}, {"name": "linux", "score": 4}, {"name": "busybox", "score": 5}, {"name": "git", "score": 4}, {"name": "Git", "score": 2}, {"name": "AWS CLI", "score": 8}, {"name": "AWS S3", "score": 6}, {"name": "AWS SQS", "score": 8}], "qa": [{"name": "golangci-lint", "score": 6}, {"name": "golint", "score": 4}, {"name": "goimports", "score": 4}, {"name": "gofmt", "score": 4}], "embedded": [], "gamedev": [], "mobile": [], "other": [{"name": "libzmq3-dev", "score": 6}, {"name": "yaml", "score": 2}, {"name": "Benthos", "score": 10}, {"name": "Grafana", "score": 10}, {"name": "Prometheus", "score": 10}, {"name": "JSON", "score": 5}, {"name": "bash", "score": 8}, {"name": "curl", "score": 6}, {"name": "grep", "score": 4}, {"name": "cut", "score": 4}, {"name": "tar", "score": 4}, {"name": "uname", "score": 4}, {"name": "chmod", "score": 4}, {"name": "mv", "score": 4}, {"name": "rm", "score": 4}, {"name": "github", "score": 4}, {"name": "json", "score": 2}, {"name": "mkdocs", "score": 2}, {"name": "YAML", "score": 8}, {"name": "ZMQ", "score": 6}, {"name": "HTTP", "score": 4}, {"name": "Apache License", "score": 10}, {"name": "Markdown", "score": 7}, {"name": "perl", "score": 2}]}, "resume": "Разработчик имеет широкий спектр компетенций, включая в себя веб-разработку (HTML, CSS, JavaScript, React), системное администрирование (Linux, Debian, Docker) и разработку на языках Go и Java. Сильными сторонами этого разработчика являются его опыт работы с инструментами контейнеризации, мониторингом и системным администрированием. Слабыми сторонами можно считать относительно низкий уровень владения Java и некоторыми инструментами, такими как Jinja2 и mkdocs.", "repo_name": "redpanda-data/connect"}