{"competencies": {"frontend": [], "backend": [{"name": "Go", "score": 10}, {"name": "protobuf", "score": 5}, {"name": "goyacc", "score": 3}, {"name": "golang", "score": 10}, {"name": "grpc", "score": 10}, {"name": "protoc", "score": 5}], "data_science": [], "devops": [{"name": "circleci", "score": 5}, {"name": "travis-ci", "score": 5}], "qa": [{"name": "staticcheck", "score": 3}, {"name": "ineffassign", "score": 3}, {"name": "golint", "score": 3}, {"name": "errcheck", "score": 3}, {"name": "predeclared", "score": 3}, {"name": "go report card", "score": 5}], "embedded": [], "gamedev": [], "mobile": [], "other": [{"name": "github", "score": 5}, {"name": "godoc", "score": 5}]}, "resume": "Разработчик имеет глубокие знания и опыт работы с языком Go, включая его применение в разработке распределенных систем с использованием gRPC и protobuf. Он также знаком с инструментами автоматизации тестирования и Continuous Integration, такими как CircleCI и Travis-CI. Однако его навыки в области инструментов статического анализа кода, таких как staticcheck, ineffassign и golint, еще нуждаются в развитии.", "repo_name": "jhump/protoreflect"}