{"competencies": {"frontend": [{"name": "SVG", "score": 6}], "backend": [{"name": "nginx", "score": 9}, {"name": "Go", "score": 8}, {"name": "golang", "score": 8}], "data_science": [], "devops": [{"name": "docker", "score": 6}, {"name": "terraform", "score": 4}, {"name": "github actions", "score": 4}, {"name": "ssh", "score": 8}, {"name": "scp", "score": 8}, {"name": "linux", "score": 8}, {"name": "alpine", "score": 4}, {"name": "runc", "score": 4}, {"name": "containerd", "score": 6}, {"name": "kubernetes", "score": 8}, {"name": "helm", "score": 2}, {"name": "docker-compose", "score": 2}, {"name": "github", "score": 3}, {"name": "github_pages", "score": 2}, {"name": "github_actions", "score": 2}, {"name": "footloose", "score": 8}, {"name": "k0s", "score": 2}, {"name": "mke", "score": 2}, {"name": "ubuntu", "score": 2}], "qa": [], "embedded": [], "gamedev": [], "mobile": [], "other": [{"name": "yaml", "score": 4}, {"name": "bash", "score": 8}, {"name": "jq", "score": 6}, {"name": "json", "score": 4}, {"name": "mike", "score": 3}]}, "resume": "Разработчик имеет широкий спектр компетенций, особенно в области контейнеризации и оркестрации. Его сильными сторонами являются навыки в работе с Go, nginx, ssh, scp, linux, kubernetes, а также умение работать с инструментами контейнеризации и оркестрации, такими как docker, containerd и helm. Слабые стороны включают ограниченный опыт работы с такими инструментами, как terraform, github actions, helm и yaml, где ему необходимо дальнейшее развитие и совершенствование навыков.", "repo_name": "k0sproject/k0s"}