{"competencies": {"frontend": [{"name": "JavaScript", "score": 8}, {"name": "React", "score": 9}, {"name": "Next.js", "score": 7}, {"name": "HTML", "score": 2}, {"name": "CSS", "score": 2}, {"name": "SVG", "score": 10}], "backend": [{"name": "Prisma", "score": 8}, {"name": "PostgreSQL", "score": 6}, {"name": "JavaScript", "score": 4}, {"name": "Zod", "score": 4}, {"name": "JSON", "score": 4}], "data_science": [], "devops": [], "qa": [], "embedded": [], "gamedev": [], "mobile": [], "other": [{"name": "Markdown", "score": 2}]}, "resume": "Разработчик имеет глубокие знания и навыки в работе с JavaScript, React и SVG, демонстрируя высокий уровень компетенции в этих областях. Он также хорошо ориентируется в использовании Next.js, Prisma и PostgreSQL, что позволяет ему эффективно работать с серверными и базовыми технологиями. Однако, его знания HTML, CSS, JSON, Markdown и Zod несколько ограничены, что может потребовать дополнительного обучения или опыта для достижения максимальной эффективности в этих областях.", "repo_name": "formbricks/formbricks"}