{"competencies": {"frontend": [{"name": "grafana-oncall-app", "score": 1}, {"name": "react", "score": 6}, {"name": "HTML", "score": 8}, {"name": "CSS", "score": 6}], "backend": [{"name": "python", "score": 4}, {"name": "django", "score": 4}, {"name": "Python", "score": 4}, {"name": "Go", "score": 2}, {"name": "Redis", "score": 2}, {"name": "RabbitMQ", "score": 2}, {"name": "MariaDB", "score": 2}, {"name": "PostgreSQL", "score": 2}, {"name": "go", "score": 3}, {"name": "go.mod", "score": 1}, {"name": "go.sum", "score": 1}, {"name": "Magefile.go", "score": 1}, {"name": "javascript", "score": 8}, {"name": "Django", "score": 4}], "data_science": [], "devops": [{"name": "Kubernetes", "score": 8}, {"name": "YAML", "score": 6}, {"name": "Helm", "score": 8}, {"name": "Docker", "score": 6}, {"name": "terraform", "score": 8}, {"name": "github", "score": 2}, {"name": "make", "score": 2}, {"name": "yml", "score": 1}], "qa": [{"name": "pytest", "score": 8}, {"name": "pytest-django", "score": 8}, {"name": "pytest-xdist", "score": 6}, {"name": "jest", "score": 9}], "embedded": [], "gamedev": [], "mobile": [], "other": [{"name": "GNU Affero General Public License", "score": 10}, {"name": "grafana", "score": 8}, {"name": "bash", "score": 8}]}, "resume": "Разработчик имеет широкий спектр компетенций, включая веб-разработку (React, HTML, CSS, JavaScript), разработку backend-приложений (Python, Django, Go), а также опыт работы с базами данных (MariaDB, PostgreSQL, Redis) и message broker (RabbitMQ). Он также знаком с контейнеризацией (Docker), оркестровкой (Kubernetes) и инфраструктурным кодом (terraform). Сильными сторонами разработчика являются его опыт в разработке веб-приложений, знание различных технологий и умение работать с различными инструментами. Однако слабыми сторонами могут быть относительно ограниченный опыт работы с grafana-oncall-app и некоторых других технологий.", "repo_name": "grafana/oncall"}