{"competencies": {"frontend": [{"name": "YUI Compressor", "score": 9}, {"name": "Haml", "score": 8}, {"name": "HTML", "score": 5}, {"name": "CSS", "score": 5}, {"name": "jQuery", "score": 8}, {"name": "JavaScript", "score": 1}], "backend": [{"name": "java", "score": 6}, {"name": "Ruby", "score": 8}, {"name": "Java", "score": 8}, {"name": "RubyGems", "score": 9}, {"name": "Gem", "score": 9}, {"name": "Python", "score": 8}, {"name": "JRuby", "score": 4}, {"name": "Elasticsearch", "score": 8}, {"name": "Logstash", "score": 9}, {"name": "Thin", "score": 2}, {"name": "Grok", "score": 1}, {"name": "libgrok", "score": 1}, {"name": "Rake", "score": 6}, {"name": "AWS SDK", "score": 8}, {"name": "Rufus Scheduler", "score": 6}, {"name": "SSL", "score": 2}, {"name": "CloudWatch", "score": 10}, {"name": "AMQP", "score": 6}, {"name": "ruby", "score": 8}, {"name": "logstash", "score": 9}, {"name": "Ragel", "score": 8}, {"name": "JavaScript", "score": 10}, {"name": "grok-ruby", "score": 4}, {"name": "ERb", "score": 9}, {"name": "MySQL", "score": 8}, {"name": "Apache", "score": 8}, {"name": "FastCGI", "score": 6}, {"name": "mod_fcgid", "score": 4}, {"name": "Merb", "score": 6}], "data_science": [], "devops": [{"name": "make", "score": 8}, {"name": "debian", "score": 9}, {"name": "dh_make", "score": 9}, {"name": "bash", "score": 6}, {"name": "xdotool", "score": 6}, {"name": "logger", "score": 7}, {"name": "curl", "score": 5}, {"name": "xargs", "score": 5}, {"name": "seq", "score": 5}, {"name": "debhelper", "score": 2}, {"name": "daemon", "score": 2}, {"name": "adduser", "score": 2}, {"name": "psmisc", "score": 2}, {"name": "default-jre", "score": 2}, {"name": "logstash", "score": 8}, {"name": "EC2", "score": 2}, {"name": "RPM", "score": 9}, {"name": "chkconfig", "score": 6}, {"name": "initscripts", "score": 6}, {"name": "shadow-utils", "score": 4}, {"name": "ELK Stack", "score": 8}, {"name": "Grok", "score": 8}], "qa": [{"name": "RSpec", "score": 6}, {"name": "Guard", "score": 6}, {"name": "Parallel Tests", "score": 6}, {"name": "Insist", "score": 6}, {"name": "Cucumber", "score": 8}, {"name": "Gherkin", "score": 9}], "embedded": [], "gamedev": [], "mobile": [], "other": [{"name": "mxGraph", "score": 8}, {"name": "bash", "score": 8}, {"name": "logstash", "score": 9}, {"name": "Google Chrome", "score": 4}, {"name": "WebSockets", "score": 4}, {"name": "gnome-terminal", "score": 4}, {"name": "grok", "score": 8}, {"name": "Makefile", "score": 8}, {"name": "YAML", "score": 4}, {"name": "jruby", "score": 2}, {"name": "Logstash", "score": 8}, {"name": "AMQP", "score": 3}, {"name": "MongoDB", "score": 2}, {"name": "Syslog", "score": 2}, {"name": "Linux", "score": 1}, {"name": "Apache", "score": 1}, {"name": "Vim", "score": 1}, {"name": "Flot", "score": 9}, {"name": "Windows Batch", "score": 4}, {"name": "GitHub", "score": 2}, {"name": "Regular Expressions", "score": 8}]}, "resume": "Разработчик имеет широкий спектр компетенций, включая опыт работы с веб-технологиями, такими как HTML, CSS, JavaScript, Ruby, Java и Python. Он также знаком с различными инструментами и фреймворками, такими как YUI Compressor, Haml, jQuery, RubyGems, Elasticsearch, Logstash и AWS SDK. Кроме того, у него есть опыт работы с базами данных, такими как MySQL, и системами управления версиями, такими как GitHub.\n\nСильные стороны разработчика включают его опыт работы с Ruby, Java, Python и JavaScript, а также его знания в области веб-разработки и баз данных. К его слабым сторонам можно отнести ограниченный опыт работы с некоторыми инструментами и технологиями, такими как Grok, JRuby, MongoDB и Windows Batch.", "repo_name": "elastic/logstash"}