{"competencies": {"frontend": [{"name": "HTML", "score": 2}, {"name": "CSS", "score": 8}], "backend": [{"name": "C++", "score": 8}, {"name": "PostgreSQL", "score": 6}, {"name": "libpqxx", "score": 9}, {"name": "STLport", "score": 6}, {"name": "Visual C++", "score": 7}, {"name": "MinGW", "score": 5}, {"name": "pqxx", "score": 9}, {"name": "STL", "score": 5}, {"name": "MS Visual C++", "score": 4}, {"name": "gcc", "score": 2}, {"name": "libpq", "score": 5}, {"name": "SQL", "score": 5}, {"name": "C", "score": 2}, {"name": "psql", "score": 4}, {"name": "g++", "score": 6}, {"name": "CMake", "score": 6}, {"name": "cpp", "score": 10}, {"name": "postgresql", "score": 5}, {"name": "c++", "score": 5}, {"name": "Python", "score": 9}, {"name": "C++20", "score": 4}, {"name": "C++14", "score": 2}, {"name": "C++17", "score": 2}, {"name": "libpq-dev", "score": 6}, {"name": "libtool", "score": 4}], "data_science": [], "devops": [{"name": "make", "score": 8}, {"name": "debian", "score": 9}, {"name": "bash", "score": 7}, {"name": "sed", "score": 6}, {"name": "grep", "score": 5}, {"name": "tar", "score": 5}, {"name": "rm", "score": 5}, {"name": "mkdir", "score": 5}, {"name": "cd", "score": 5}, {"name": "echo", "score": 5}, {"name": "Autoconf", "score": 8}, {"name": "m4", "score": 9}, {"name": "GNU Libtool", "score": 8}, {"name": "Visual C++", "score": 8}, {"name": "VCVARS32.BAT", "score": 4}, {"name": "Makefile", "score": 6}, {"name": "svn", "score": 8}, {"name": "rsync", "score": 6}, {"name": "GNU Make", "score": 9}, {"name": "ar", "score": 4}, {"name": "PowerShell", "score": 4}, {"name": "Appveyor", "score": 2}, {"name": "pg_config", "score": 2}, {"name": "Debian", "score": 7}, {"name": "CVS", "score": 2}, {"name": "autoconf", "score": 8}, {"name": "chrpath", "score": 2}, {"name": "dh_install", "score": 2}, {"name": "dh_movefiles", "score": 1}, {"name": "gcc", "score": 2}, {"name": "dpkg", "score": 2}, {"name": "CMake", "score": 7}, {"name": "autotools", "score": 8}, {"name": "GCC", "score": 6}, {"name": "clang", "score": 2}, {"name": "debhelper", "score": 4}, {"name": "pkg-config", "score": 4}, {"name": "Ubuntu", "score": 6}, {"name": "automake", "score": 4}], "qa": [], "embedded": [], "gamedev": [], "mobile": [], "other": [{"name": "C++", "score": 8}, {"name": "C", "score": 6}, {"name": "POSIX", "score": 4}, {"name": "sh", "score": 8}, {"name": "make", "score": 8}, {"name": "doxygen", "score": 6}, {"name": "tar", "score": 6}, {"name": "grep", "score": 4}, {"name": "cut", "score": 4}, {"name": "nice", "score": 4}, {"name": "configure", "score": 4}, {"name": "Sphinx", "score": 8}, {"name": "Doxygen", "score": 8}, {"name": "Breathe", "score": 6}, {"name": "ReadTheDocs", "score": 6}, {"name": "libpqxx", "score": 9}, {"name": "reStructuredText", "score": 5}, {"name": "Markdown", "score": 4}, {"name": "bash", "score": 8}, {"name": "STLport", "score": 6}, {"name": "SGML", "score": 2}, {"name": "HTML", "score": 2}, {"name": "date", "score": 2}, {"name": "ls", "score": 2}, {"name": "mktemp", "score": 2}, {"name": "Visual Studio", "score": 3}, {"name": "Windows", "score": 1}, {"name": "BSD License", "score": 1}, {"name": "shell", "score": 8}, {"name": "GNU General Public License", "score": 2}, {"name": "Autoconf", "score": 2}, {"name": "Automake", "score": 2}, {"name": "pqxx", "score": 9}, {"name": "psql", "score": 8}, {"name": "sed", "score": 8}, {"name": "YAML", "score": 8}, {"name": "regex", "score": 6}, {"name": "svn", "score": 5}, {"name": "wget", "score": 5}, {"name": "lftp", "score": 5}, {"name": "gcc", "score": 5}, {"name": "clang", "score": 5}, {"name": "c++", "score": 10}, {"name": "Graphviz", "score": 4}, {"name": "Perl", "score": 8}, {"name": "Visual C++", "score": 9}, {"name": "MS-DOS", "score": 2}, {"name": "NMAKE", "score": 6}]}, "resume": "Разработчик имеет широкий спектр компетенций, включая опыт работы с языками программирования C, C++, Python, а также с базами данных PostgreSQL и инструментами для их управления. Сильными сторонами разработчика являются его навыки в области разработки на C++ и Python, а также опыт работы с PostgreSQL и соответствующими библиотеками (libpqxx, pqxx). Слабыми сторонами могут быть относительно низкий уровень навыков в работе с HTML, CSS и некоторыми инструментами сборки и управления проектами.", "repo_name": "jtv/libpqxx"}