{"competencies": {"frontend": [{"name": "JavaScript", "score": 8}, {"name": "HTML", "score": 5}, {"name": "CSS", "score": 2}, {"name": "javascript", "score": 8}, {"name": "jquery", "score": 9}, {"name": "html", "score": 4}, {"name": "css", "score": 2}, {"name": "SCSS", "score": 9}, {"name": "SVG", "score": 8}], "backend": [{"name": "Python", "score": 10}, {"name": "Wagtail", "score": 10}, {"name": "Django", "score": 10}, {"name": "JavaScript", "score": 6}, {"name": "Rust", "score": 4}, {"name": "JSON", "score": 2}, {"name": "pip", "score": 6}, {"name": "Ruby", "score": 8}, {"name": "Elasticsearch", "score": 6}, {"name": "django", "score": 8}, {"name": "python", "score": 6}, {"name": "wagtail", "score": 9}, {"name": "MySQL-python", "score": 6}, {"name": "psycopg2", "score": 6}, {"name": "sqlite3", "score": 6}], "data_science": [{"name": "OpenCV", "score": 4}], "devops": [{"name": "GitHub Actions", "score": 9}, {"name": "Ubuntu", "score": 4}, {"name": "GitHub", "score": 1}], "qa": [{"name": "pytest", "score": 2}, {"name": "tox", "score": 1}, {"name": "coverage", "score": 8}], "embedded": [], "gamedev": [], "mobile": [], "other": [{"name": "Make", "score": 4}, {"name": "setuptools", "score": 1}, {"name": "distribute", "score": 1}, {"name": "FeinCMS", "score": 1}, {"name": "Sphinx", "score": 2}, {"name": "pip", "score": 1}, {"name": "Python", "score": 1}, {"name": "Wagtail", "score": 1}, {"name": "gettext", "score": 5}, {"name": "po", "score": 5}]}, "resume": "Разработчик имеет широкий спектр компетенций, включая в себя веб-разработку на JavaScript, HTML, CSS, SCSS, а также опыт работы с фреймворками Django и Wagtail. Кроме того, он знаком с языками программирования Python и Ruby, а также имеет опыт работы с базами данных MySQL, PostgreSQL и SQLite. Сильными сторонами разработчика можно назвать его профессиональный опыт в веб-разработке, особенно в работе с Django и Wagtail, а также его знание различных языков программирования. Слабыми сторонами можно назвать недостаточный опыт работы с инструментами автоматизации тестирования и неполное понимание некоторых фреймворков, таких как FeinCMS и Sphinx.", "repo_name": "wagtail/wagtail"}