{"competencies": {"frontend": [{"name": "JavaScript", "score": 10}, {"name": "CSS", "score": 3}, {"name": "SVG", "score": 8}, {"name": "javascript", "score": 3}, {"name": "jsx", "score": 3}, {"name": "react", "score": 3}, {"name": "html", "score": 2}, {"name": "css", "score": 2}], "backend": [{"name": "node-soap", "score": 8}, {"name": "JavaScript", "score": 8}, {"name": "JSON", "score": 8}, {"name": "XML", "score": 8}, {"name": "npm", "score": 8}, {"name": "HTTP", "score": 3}, {"name": "HTTPS", "score": 3}], "data_science": [], "devops": [{"name": "Travis CI", "score": 8}, {"name": "CloudFront", "score": 2}], "qa": [], "embedded": [], "gamedev": [], "mobile": [], "other": [{"name": "bash", "score": 8}, {"name": "jq", "score": 6}, {"name": "gh", "score": 7}, {"name": "BSD", "score": 1}, {"name": "EditorConfig", "score": 8}]}, "resume": "Разработчик имеет широкий спектр компетенций, особенно веб-разработки, с сильными навыками в JavaScript, включая его варианты использования в React и Node.js. Он также имеет опыт работы с разными форматами данных, такими как JSON и XML. Однако ему может не хватать опыта в CSS и HTML. Кроме того, его знания систем управления версиями и DevOps также являются сильной стороной, включая использование Travis CI, npm и bash.", "repo_name": "kamranahmedse/developer-roadmap"}