{"competencies": {"frontend": [{"name": "CSS", "score": 8}, {"name": "SCSS", "score": 8}, {"name": "HTML", "score": 2}, {"name": "reveal.js", "score": 4}, {"name": "Google Fonts", "score": 2}, {"name": "RequireJS", "score": 6}], "backend": [{"name": "JavaScript", "score": 8}, {"name": "Node.js", "score": 9}], "data_science": [], "devops": [], "qa": [], "embedded": [], "gamedev": [], "mobile": [], "other": [{"name": "HTML", "score": 8}, {"name": "CSS", "score": 6}, {"name": "JavaScript", "score": 9}, {"name": "RequireJS", "score": 8}, {"name": "ECharts", "score": 9}, {"name": "ZRender", "score": 7}, {"name": "Bootstrap", "score": 8}, {"name": "jQuery", "score": 7}, {"name": "FontAwesome", "score": 5}, {"name": "Codemirror", "score": 6}]}, "resume": "Разработчик имеет широкий спектр компетенций, особенно веб-разработки. Он демонстрирует высокий уровень владения JavaScript, Node.js и ECharts, что указывает на сильные навыки в разработке клиент-сайд приложений и интерактивных визуализаций данных. Однако, заметно, что у него есть некоторые пробелы в знаниях HTML и CSS.", "repo_name": "apache/echarts"}