{"competencies": {"frontend": [], "backend": [{"name": "C++", "score": 8}, {"name": "glog", "score": 2}, {"name": "boringssl", "score": 2}], "data_science": [], "devops": [{"name": "git", "score": 10}, {"name": "Bazel", "score": 6}, {"name": "cmake", "score": 6}, {"name": "make", "score": 6}, {"name": "tar", "score": 4}, {"name": "md5sum", "score": 4}, {"name": "CMake", "score": 8}, {"name": "GitHub", "score": 2}], "qa": [], "embedded": [], "gamedev": [], "mobile": [], "other": [{"name": "MacOS", "score": 4}, {"name": "CoreFoundation", "score": 2}, {"name": "CoreGraphics", "score": 2}, {"name": "CoreData", "score": 2}, {"name": "bash", "score": 8}, {"name": "awk", "score": 2}, {"name": "uname", "score": 2}, {"name": "xargs", "score": 2}, {"name": "Typesense", "score": 2}]}, "resume": "Разработчик имеет широкий спектр компетенций, особенно в области программирования на C++ и системного администрирования. Он демонстрирует высокий уровень владения инструментами автоматизации сборки и управления версиями кода, такими как Bazel, cmake, make и git. Однако, его знания в области криптографии и безопасности, представленные такими инструментами как boringssl, glog и md5sum, несколько ограничены.", "repo_name": "typesense/typesense"}