{"competencies": {"frontend": [], "backend": [{"name": "Go", "score": 10}, {"name": "goautoneg", "score": 8}, {"name": "golang.org/x/net", "score": 6}, {"name": "protobuf", "score": 4}], "data_science": [], "devops": [{"name": "Docker", "score": 9}, {"name": "promu", "score": 5}, {"name": "CircleCI", "score": 2}, {"name": "GitHub Actions", "score": 2}, {"name": "OpenSSL", "score": 10}], "qa": [{"name": "golangci-lint", "score": 7}, {"name": "yamllint", "score": 4}, {"name": "gotestsum", "score": 3}], "embedded": [], "gamedev": [], "mobile": [], "other": [{"name": "C++", "score": 9}, {"name": "STL", "score": 8}, {"name": "regex", "score": 6}, {"name": "Winsock", "score": 4}, {"name": "POSIX", "score": 4}, {"name": "github", "score": 8}, {"name": "Go", "score": 10}, {"name": "protobuf", "score": 8}, {"name": "Apache License", "score": 10}]}, "resume": "Разработчик имеет широкий спектр компетенций, особенно веб-разработке на Go, с сильными навыками в использовании Docker, OpenSSL и Apache License. Однако, есть области, где требуется дополнительная практика, например, в использовании CircleCI, GitHub Actions и некоторых сторонних библиотек. Кроме того, разработчик демонстрирует опыт работы с различными протоколами и технологиями, включая protobuf и POSIX.", "repo_name": "knative/eventing"}