{"competencies": {"frontend": [{"name": "HTML", "score": 3}, {"name": "CSS", "score": 2}, {"name": "JavaScript", "score": 5}, {"name": "React", "score": 8}, {"name": "Babel", "score": 4}, {"name": "Prism.js", "score": 2}, {"name": "React Vis", "score": 3}, {"name": "Webpack", "score": 1}, {"name": "htmlWebpackPlugin", "score": 2}, {"name": "react", "score": 8}, {"name": "Fluent Design", "score": 4}, {"name": "CSS-in-JS", "score": 2}, {"name": "makeStyles", "score": 2}, {"name": "javascript", "score": 9}, {"name": "jsx", "score": 7}, {"name": "jss", "score": 6}, {"name": "json", "score": 5}, {"name": "Fluent UI", "score": 9}], "backend": [{"name": "javascript", "score": 6}, {"name": "nodejs", "score": 6}], "data_science": [], "devops": [{"name": "github-actions", "score": 8}, {"name": "yarn", "score": 4}, {"name": "ubuntu", "score": 2}], "qa": [], "embedded": [], "gamedev": [], "mobile": [], "other": [{"name": "beachball", "score": 4}, {"name": "json", "score": 2}]}, "resume": "Разработчик имеет широкий спектр компетенций, особенно веб-разработки. Он демонстрирует высокий уровень владения React, Fluent UI и JavaScript, что указывает на опыт в создании сложных веб-приложений. Однако есть некоторая неопределенность в его навыках в области веб-разработки, поскольку он имеет низкий уровень знаний в HTML и CSS. Кроме того, он имеет опыт работы с различными инструментами, такими как Webpack, Babel и GitHub Actions, что может указывать на опыт в разработке и развертывании приложений.", "repo_name": "microsoft/fluentui"}