{"competencies": {"frontend": [], "backend": [{"name": "Python", "score": 8}, {"name": "C++", "score": 6}], "data_science": [{"name": "NumPy", "score": 6}, {"name": "OneFlow", "score": 9}, {"name": "TensorFlow", "score": 9}, {"name": "OpenCV", "score": 9}], "devops": [{"name": "CMake", "score": 8}, {"name": "Git", "score": 2}], "qa": [{"name": "unittest", "score": 7}], "embedded": [], "gamedev": [], "mobile": [], "other": [{"name": "C++", "score": 8}, {"name": "oneflow", "score": 9}, {"name": "Python", "score": 8}, {"name": "cuda", "score": 10}, {"name": "gpu", "score": 10}, {"name": "cpu", "score": 10}, {"name": "relu", "score": 10}, {"name": "negative", "score": 10}, {"name": "tensor", "score": 10}, {"name": "f32", "score": 10}, {"name": "llvm", "score": 10}, {"name": "std", "score": 8}, {"name": "std::tuple", "score": 6}, {"name": "std::function", "score": 7}, {"name": "std::remove_const_t", "score": 5}, {"name": "std::remove_reference_t", "score": 5}, {"name": "std::integral_constant", "score": 4}, {"name": "std::initializer_list", "score": 4}, {"name": "std::get", "score": 4}, {"name": "CUDA", "score": 6}, {"name": "protobuf", "score": 10}]}, "resume": "Разработчик имеет широкий спектр компетенций, особенно в области разработки на Python и C++. Он демонстрирует высокий уровень экспертизы в таких областях, как машинное обучение (TensorFlow, OneFlow, OpenCV), параллельные вычисления (CUDA, GPU) и разработка высокопроизводительного кода (C++). Однако у него есть некоторые пробелы в знаниях базовых концепций C++ (например, std::remove_const_t, std::remove_reference_t) и относительно низкий уровень знаний Git.", "repo_name": "Oneflow-Inc/oneflow"}