{"competencies": {"frontend": [{"name": "CSS", "score": 10}, {"name": "Tailwind CSS", "score": 10}, {"name": "Next.js", "score": 8}, {"name": "javascript", "score": 2}, {"name": "webpack", "score": 8}, {"name": "typescript", "score": 6}, {"name": "ts-loader", "score": 4}, {"name": "HTML", "score": 6}], "backend": [{"name": "GraphQL", "score": 6}, {"name": "Hasura", "score": 4}, {"name": "Keycloak", "score": 4}, {"name": "OpenAPI", "score": 4}, {"name": "nodejs", "score": 2}, {"name": "PostgreSQL", "score": 8}, {"name": "JWT", "score": 6}, {"name": "Node.js", "score": 6}, {"name": "Yarn", "score": 4}], "data_science": [], "devops": [{"name": "Docker", "score": 2}, {"name": "yarn", "score": 8}, {"name": "powershell", "score": 6}, {"name": "bash", "score": 4}, {"name": "linux", "score": 1}, {"name": "Alpine Linux", "score": 2}, {"name": "GitHub", "score": 1}], "qa": [{"name": "playwright", "score": 1}], "embedded": [], "gamedev": [], "mobile": [], "other": [{"name": "xml", "score": 2}, {"name": "PostHog", "score": 1}, {"name": "Sentry", "score": 1}, {"name": "Gleap", "score": 1}, {"name": "electron", "score": 2}, {"name": "joi", "score": 1}, {"name": "turbo", "score": 1}, {"name": "json", "score": 2}, {"name": "JSON", "score": 4}, {"name": "RS256", "score": 4}, {"name": "Stable Diffusion", "score": 2}, {"name": "Freemarker", "score": 8}, {"name": "Batch Script", "score": 2}]}, "resume": "Разработчик имеет широкий спектр компетенций, особенно веб-разработки. Он демонстрирует высокий уровень владения CSS, Tailwind CSS и Next.js, а также знаком с JavaScript, TypeScript и Node.js. Кроме того, он имеет опыт работы с базами данных, такими как PostgreSQL, и знает инструменты аутентификации и авторизации, такие как Keycloak и JWT. Слабыми сторонами можно считать относительно низкий уровень владения Linux и некоторыми другими инструментами, такими как Docker и GitHub.", "repo_name": "janhq/jan"}