{"competencies": {"frontend": [{"name": "Vue.js", "score": 8}, {"name": "JavaScript", "score": 9}, {"name": "HTML", "score": 6}, {"name": "CSS", "score": 7}, {"name": "RequireJS", "score": 4}, {"name": "Milkdown", "score": 8}, {"name": "Vuetify", "score": 2}, {"name": "npm", "score": 4}], "backend": [{"name": "Python", "score": 6}, {"name": "flit", "score": 2}, {"name": "JavaScript", "score": 8}, {"name": "Node.js", "score": 6}], "data_science": [{"name": "JupyterLab", "score": 9}], "devops": [{"name": "GitHub Actions", "score": 4}, {"name": "Ubuntu", "score": 2}], "qa": [], "embedded": [], "gamedev": [], "mobile": [], "other": []}, "resume": "Разработчик имеет широкий спектр навыков в веб-разработке и программировании. Его сильными сторонами являются глубокое знание JavaScript и Vue.js, а также опыт работы с фреймворками и библиотеками, такими как Milkdown и JupyterLab. Однако его знания в HTML и CSS являются средними, а опыт работы с некоторыми инструментами, такими как RequireJS, Vuetify, flit и Ubuntu, требует дальнейшего развития.", "repo_name": "widgetti/solara"}