{"competencies": {"frontend": [], "backend": [{"name": "Java", "score": 9}, {"name": "JDK", "score": 2}], "data_science": [], "devops": [{"name": "Apache Maven", "score": 8}, {"name": "Batch Script", "score": 9}, {"name": "Bash", "score": 7}, {"name": "Cygwin", "score": 4}, {"name": "Unix", "score": 3}, {"name": "Windows", "score": 2}], "qa": [], "embedded": [], "gamedev": [], "mobile": [], "other": [{"name": "Apache License", "score": 2}]}, "resume": "Разработчик имеет глубокие знания и опыт работы с Java, а также приличные навыки в области Apache Maven, Batch Script и Bash. Он демонстрирует способность работать в различных средах, включая Java и Unix, но его знания в области Windows и Unix несколько ограничены. Сильными сторонами разработчика являются его навыки в написании скриптов и работы с Java, но ему стоит обратить внимание на расширение знаний по Unix и Windows.", "repo_name": "macrozheng/mall"}