{"competencies": {"frontend": [{"name": "TypeScript", "score": 8}, {"name": "React", "score": 6}, {"name": "javascript", "score": 8}, {"name": "react", "score": 9}, {"name": "css", "score": 7}, {"name": "styled-components", "score": 8}, {"name": "stitches.config.js", "score": 1}, {"name": "JavaScript", "score": 6}], "backend": [{"name": "node", "score": 8}, {"name": "npm", "score": 8}, {"name": "prisma", "score": 6}, {"name": "javascript", "score": 8}, {"name": "Haskell", "score": 8}, {"name": "TypeScript", "score": 8}, {"name": "JavaScript", "score": 6}, {"name": "Node.js", "score": 4}, {"name": "Cabal", "score": 6}, {"name": "regex-tdfa", "score": 2}, {"name": "text", "score": 2}, {"name": "turtle", "score": 2}, {"name": "Prisma", "score": 9}, {"name": "PostgreSQL", "score": 6}, {"name": "OAuth", "score": 6}], "data_science": [], "devops": [{"name": "docker", "score": 9}, {"name": "alpine", "score": 4}, {"name": "apk", "score": 4}, {"name": "bash", "score": 4}, {"name": "Git", "score": 4}, {"name": "Docker", "score": 2}, {"name": "npm", "score": 2}, {"name": "Netlify", "score": 1}], "qa": [], "embedded": [], "gamedev": [], "mobile": [], "other": [{"name": "Haskell", "score": 10}, {"name": "Happy", "score": 8}, {"name": "Control.Monad.State.Lazy", "score": 6}, {"name": "Control.Monad.Except", "score": 4}, {"name": "yaml", "score": 2}, {"name": "github", "score": 3}, {"name": "discord", "score": 2}, {"name": "npm", "score": 4}, {"name": "JSON", "score": 4}, {"name": "bash", "score": 2}, {"name": "GitHub", "score": 4}, {"name": "curl", "score": 2}, {"name": "wget", "score": 2}, {"name": "tar", "score": 1}, {"name": "mktemp", "score": 1}, {"name": "uname", "score": 1}, {"name": "mkdir", "score": 1}, {"name": "chmod", "score": 1}, {"name": "rm", "score": 1}, {"name": "dotenv", "score": 8}, {"name": "Wasp", "score": 1}]}, "resume": "Разработчик имеет широкий спектр компетенций, включая в себя опыт работы с современными фронтенд-технологиями (React, JavaScript, TypeScript, CSS, styled-components) и бэкенд-технологиями (Node.js, Prisma, PostgreSQL, Docker). Он также знаком с функциональным программированием на Haskell и имеет опыт работы с различными инструментами и сервисами (Git, GitHub, npm, Docker, Netlify). Сильными сторонами разработчика являются его навыки в разработке веб-приложений с использованием React и Node.js, а также его знания в области функционального программирования. Слабыми сторонами являются ограниченный опыт работы с некоторыми инструментами (например, Cabal, regex-tdfa) и относительно низкий уровень знаний в области системного администрирования (bash, Docker).", "repo_name": "wasp-lang/wasp"}