{"competencies": {"frontend": [{"name": "SVG", "score": 10}], "backend": [{"name": "Go", "score": 5}, {"name": "TLS", "score": 9}, {"name": "DTLS", "score": 6}, {"name": "NSS", "score": 5}, {"name": "go", "score": 7}, {"name": "gofumpt", "score": 6}], "data_science": [], "devops": [{"name": "CircleCI", "score": 4}, {"name": "Mercurial", "score": 3}, {"name": "git", "score": 9}], "qa": [], "embedded": [], "gamedev": [], "mobile": [], "other": [{"name": "C", "score": 8}, {"name": "Assembly", "score": 6}, {"name": "GCC", "score": 4}, {"name": "Go", "score": 2}, {"name": "Protocol Buffers", "score": 10}, {"name": "OpenSSL", "score": 10}, {"name": "bash", "score": 8}]}, "resume": "Разработчик имеет широкий спектр компетенций, включая опыт работы с сетевыми протоколами (TLS, DTLS, OpenSSL), языками программирования (Go, C, Assembly) и инструментами автоматизации (CircleCI, Mercurial, git). Сильными сторонами являются глубокое понимание сетевых протоколов и высокая квалификация в работе с языком Go. Слабыми сторонами можно назвать относительно невысокий уровень знаний некоторых инструментов, таких как gofumpt и GCC. Общая оценка компетенций говорит о высококвалифицированном разработчике с глубоким пониманием сетевых протоколов и языков программирования.", "repo_name": "quic-go/quic-go"}