{"competencies": {"frontend": [], "backend": [{"name": "C#", "score": 8}, {"name": "C++", "score": 4}, {"name": ".NET", "score": 8}], "data_science": [{"name": "OpenCV", "score": 6}, {"name": "Tesseract OCR", "score": 5}, {"name": "Leptonica", "score": 4}, {"name": "OpenALPR", "score": 7}, {"name": "Cuda", "score": 3}], "devops": [{"name": "MSBuild", "score": 9}, {"name": "Visual Studio", "score": 5}], "qa": [{"name": "FxCop", "score": 6}], "embedded": [], "gamedev": [], "mobile": [], "other": [{"name": "Visual Studio", "score": 7}, {"name": "XML", "score": 5}, {"name": "openalpr-net", "score": 3}, {"name": "C++", "score": 8}, {"name": "Visual Studio 14", "score": 9}, {"name": "x86", "score": 4}, {"name": "x64", "score": 4}, {"name": "Any CPU", "score": 4}, {"name": "Windows", "score": 5}]}, "resume": "Разработчик имеет широкий спектр компетенций, особенно веб-разработке на платформе .NET, с сильными навыками в C# и MSBuild. Он также имеет опыт работы с компьютерным зрением и обработкой изображений, включая OpenCV и Tesseract OCR. Однако его навыки в C++ и Cuda могут быть не столь сильными, как в других областях.", "repo_name": "openalpr/openalpr"}