{"competencies": {"frontend": [], "backend": [{"name": "Java", "score": 8}, {"name": "Hazelcast", "score": 10}, {"name": "Spring", "score": 8}, {"name": "Hibernate", "score": 5}, {"name": "JMX", "score": 5}, {"name": "JCA", "score": 5}, {"name": "J2EE", "score": 5}], "data_science": [], "devops": [], "qa": [], "embedded": [], "gamedev": [], "mobile": [], "other": [{"name": "Java", "score": 10}, {"name": "Hazelcast", "score": 10}, {"name": "XML", "score": 9}, {"name": "keytool", "score": 9}, {"name": "XML Schema", "score": 5}, {"name": "XSLT", "score": 10}, {"name": "XSL", "score": 10}, {"name": "XSL-FO", "score": 10}, {"name": "DocBook", "score": 10}, {"name": "Apache License", "score": 1}, {"name": "YAML", "score": 8}]}, "resume": "Разработчик имеет широкий спектр компетенций, особенно веб-разработке на Java и связанных технологиях. Он демонстрирует отличное владение фреймворками Spring и Hibernate, а также системами управления данными Hazelcast. Кроме того, он имеет опыт работы с технологиями XML, XSLT, XSL и XSL-FO, что позволяет ему эффективно работать с данными в различных форматах.\n\nСильными сторонами разработчика являются его глубокие знания Java, Hazelcast и XML-технологий, которые позволяют ему разрабатывать сложные приложения и системы. Однако его знания в области Apache License и некоторых других технологий, таких как JMX и JCA, несколько ограничены, что может быть препятствием в определенных проектах.", "repo_name": "hazelcast/hazelcast"}