{"competencies": {"frontend": [{"name": "JavaScript", "score": 5}, {"name": "HTML", "score": 8}, {"name": "CSS", "score": 2}, {"name": "React", "score": 6}, {"name": "Google Fonts", "score": 1}, {"name": "SASS", "score": 4}], "backend": [{"name": "HTTP", "score": 10}, {"name": "JSON", "score": 10}, {"name": "Base64", "score": 10}, {"name": "UTF-8", "score": 10}, {"name": "go", "score": 8}, {"name": "Go", "score": 2}, {"name": "C", "score": 9}], "data_science": [], "devops": [{"name": "Kubernetes", "score": 8}, {"name": "RBAC", "score": 6}, {"name": "Helm", "score": 8}, {"name": "YAML", "score": 6}, {"name": "Docker", "score": 6}, {"name": "docker", "score": 9}, {"name": "git", "score": 6}, {"name": "eBPF", "score": 8}, {"name": "Linux", "score": 6}, {"name": "Homebrew", "score": 2}], "qa": [], "embedded": [{"name": "x86", "score": 2}, {"name": "ARM", "score": 2}, {"name": "ARM64", "score": 2}, {"name": "PowerPC", "score": 2}], "gamedev": [], "mobile": [], "other": [{"name": "C", "score": 8}, {"name": "BPF", "score": 6}, {"name": "Go", "score": 4}, {"name": "npm", "score": 2}, {"name": "yarn", "score": 2}, {"name": "YAML", "score": 4}, {"name": "bash", "score": 8}, {"name": "GPL-2.0", "score": 1}, {"name": "GitHub", "score": 1}, {"name": "Discord", "score": 1}, {"name": "Slack", "score": 1}, {"name": "Shell", "score": 3}, {"name": "TCPDump", "score": 1}, {"name": "Wireshark", "score": 1}, {"name": "Chrome Dev Tools", "score": 1}, {"name": "TypeScript", "score": 6}, {"name": "curl", "score": 3}]}, "resume": "Разработчик имеет широкий спектр компетенций, включая в себя веб-разработку (HTML, CSS, JavaScript, React, SASS) и системное программирование (C, Go, Linux). Сильные стороны разработчика включают глубокое понимание протоколов и форматов данных (HTTP, JSON, Base64, UTF-8), а также опыт работы с контейнеризацией (Docker, Kubernetes) и оркестрацией (Helm). Слабые стороны разработчика включают ограниченный опыт работы с фронтенд-технологиями (CSS, Google Fonts) и инструментами разработки (npm, yarn, GitHub).", "repo_name": "kubeshark/kubeshark"}