{"competencies": {"frontend": [{"name": "CSS", "score": 10}, {"name": "HTML", "score": 5}, {"name": "Bootstrap", "score": 10}], "backend": [], "data_science": [], "devops": [], "qa": [], "embedded": [], "gamedev": [], "mobile": [], "other": [{"name": "SVG", "score": 10}, {"name": "gevent", "score": 8}, {"name": "logbook", "score": 6}, {"name": "requests", "score": 4}, {"name": "socketIO_client", "score": 4}, {"name": "functools", "score": 2}, {"name": "time", "score": 2}, {"name": "gevent.monkey", "score": 1}]}, "resume": "Разработчик имеет широкий спектр компетенций, особенно веб-разработки, с сильными навыками в CSS, Bootstrap и SVG, которые позволяют ему создавать привлекательные и функциональные веб-приложения. Однако, его знания HTML несколько ограничены, что может ограничивать его возможности в создании сложных веб-страниц. Кроме того, его опыт работы с Python-библиотеками, такими как gevent, logbook и requests, позволяет ему разрабатывать эффективные и масштабируемые приложения.", "repo_name": "ctubio/Krypto-trading-bot"}