{"competencies": {"frontend": [{"name": "MaterialComponents", "score": 4}, {"name": "HTML", "score": 8}, {"name": "CSS", "score": 9}, {"name": "JavaScript", "score": 9}, {"name": "LitElement", "score": 9}, {"name": "Lit-html", "score": 8}, {"name": "TypeScript", "score": 8}, {"name": "Web Components", "score": 8}, {"name": "WebComponents", "score": 4}], "backend": [{"name": "Foundation", "score": 8}, {"name": "Firebase", "score": 6}, {"name": "javascript", "score": 8}, {"name": "babel", "score": 9}, {"name": "nodejs", "score": 7}, {"name": "Kotlin", "score": 6}, {"name": "OkHttp", "score": 4}, {"name": "Retrofit", "score": 4}, {"name": "Jackson", "score": 4}, {"name": "java", "score": 6}, {"name": "gradle", "score": 9}, {"name": "Java", "score": 8}, {"name": "Freemarker", "score": 4}, {"name": "JAX-RS", "score": 9}], "data_science": [], "devops": [{"name": "Gradle", "score": 8}], "qa": [], "embedded": [], "gamedev": [], "mobile": [{"name": "UIKit", "score": 8}, {"name": "Objective-C", "score": 9}, {"name": "Swift", "score": 2}, {"name": "CocoaPods", "score": 8}, {"name": "IQKeyboardManagerSwift", "score": 2}, {"name": "Popover", "score": 2}, {"name": "Android", "score": 9}, {"name": "Google Play", "score": 4}, {"name": "FCM", "score": 4}, {"name": "iOS", "score": 10}, {"name": "Storyboard", "score": 9}, {"name": "Cocoa Touch", "score": 8}], "other": [{"name": "Xcode", "score": 8}, {"name": "LLDB", "score": 6}, {"name": "XML", "score": 4}, {"name": "Objective-C", "score": 10}, {"name": "Core Foundation", "score": 8}, {"name": "SCNetworkReachability", "score": 9}, {"name": "C", "score": 2}, {"name": "Foundation", "score": 6}, {"name": "CFNetwork", "score": 4}, {"name": "CFSocketStream", "score": 2}, {"name": "NSNotificationCenter", "score": 4}, {"name": "CFRunLoop", "score": 4}, {"name": "xml", "score": 3}, {"name": "Ruby", "score": 3}, {"name": "bash", "score": 8}, {"name": "Windows", "score": 7}, {"name": "GeoJSON", "score": 6}, {"name": "JsInterop", "score": 2}]}, "resume": "Разработчик имеет широкий спектр компетенций, охватывающих веб-разработку, мобильную разработку и системное программирование. Он демонстрирует высокий уровень владения веб-технологиями, такими как HTML, CSS, JavaScript, а также имеет опыт работы с фреймворками и библиотеками, такими как MaterialComponents, LitElement и Firebase. В мобильной разработке он показывает сильные навыки в работе с платформой iOS, особенно в Objective-C и Swift, а также имеет опыт с Android. Однако заметно, что некоторые навыки, такие как Kotlin, Ruby и C, развиты не так хорошо, как другие.", "repo_name": "openremote/openremote"}