{"competencies": {"frontend": [{"name": "React Native", "score": 7}, {"name": "Babel", "score": 8}, {"name": "JavaScript", "score": 9}, {"name": "React", "score": 9}, {"name": "ES2015", "score": 6}, {"name": "ES6", "score": 6}, {"name": "Chrome", "score": 3}, {"name": "ChromeAndroid", "score": 3}, {"name": "Firefox", "score": 3}, {"name": "Edge", "score": 3}, {"name": "IE", "score": 3}, {"name": "Safari", "score": 3}, {"name": "iOS", "score": 3}, {"name": "Webpack", "score": 8}, {"name": "Bower", "score": 6}, {"name": "AMD", "score": 2}, {"name": "browserify", "score": 8}, {"name": "react", "score": 9}, {"name": "react-router", "score": 7}, {"name": "reactify", "score": 6}, {"name": "envify", "score": 5}, {"name": "webpack", "score": 3}, {"name": "HTML", "score": 8}, {"name": "CSS", "score": 6}], "backend": [{"name": "Java", "score": 8}, {"name": "OkHttp", "score": 5}, {"name": "Okio", "score": 3}, {"name": "java", "score": 6}, {"name": "gradle", "score": 9}, {"name": "node", "score": 4}, {"name": "Node.js", "score": 4}], "data_science": [], "devops": [{"name": "Gradle", "score": 4}, {"name": "ProGuard", "score": 9}, {"name": "Proguard", "score": 2}, {"name": "BUCK", "score": 1}, {"name": "Travis CI", "score": 4}], "qa": [{"name": "Karma", "score": 7}, {"name": "JSHint", "score": 5}, {"name": "ESLint", "score": 8}], "embedded": [], "gamedev": [], "mobile": [{"name": "Android SDK", "score": 6}, {"name": "React Native", "score": 9}, {"name": "Swift", "score": 4}, {"name": "UIKit", "score": 2}, {"name": "Objective-C", "score": 3}, {"name": "iOS", "score": 9}, {"name": "CocoaTouch", "score": 7}, {"name": "XIB", "score": 6}, {"name": "Interface Builder", "score": 6}], "other": [{"name": "JSON", "score": 2}, {"name": "Xcode", "score": 8}, {"name": "LLDB", "score": 5}, {"name": "XML", "score": 3}, {"name": "plist", "score": 6}, {"name": "bash", "score": 8}, {"name": "Google Analytics", "score": 2}, {"name": "Windows", "score": 7}]}, "resume": "Разработчик имеет широкий спектр компетенций, особенно веб-разработки и мобильной разработки. Он демонстрирует сильные навыки в JavaScript, React и React Native, а также опыт работы с различными инструментами и технологиями, такими как Webpack, Babel и Gradle. Однако разработчик также имеет некоторые пробелы в знаниях, особенно в области Android SDK и iOS.", "repo_name": "remix-run/react-router"}