{"competencies": {"frontend": [], "backend": [{"name": "go", "score": 8}], "data_science": [], "devops": [{"name": "kustomize", "score": 2}, {"name": "kubernetes", "score": 2}, {"name": "git", "score": 6}, {"name": "goreleaser", "score": 9}, {"name": "github", "score": 5}], "qa": [{"name": "golangci-lint", "score": 4}], "embedded": [], "gamedev": [], "mobile": [], "other": [{"name": "addlicense", "score": 3}, {"name": "mdtogo", "score": 3}, {"name": "bash", "score": 8}, {"name": "github.com/hashicorp/hcl", "score": 2}, {"name": "github.com/hpcloud/tail", "score": 2}, {"name": "github.com/imdario/mergo", "score": 2}, {"name": "github.com/inconshreveable/mousetrap", "score": 1}, {"name": "github.com/jonboulle/clockwork", "score": 1}]}, "resume": "Разработчик имеет широкий спектр компетенций, особенно веб-разработке на Go, с сильными навыками в использовании инструментов для автоматизации и управления кодом, таких как goreleaser, git и github. Он также знаком с контейнеризацией и оркестрацией приложений с помощью kubernetes и kustomize. Слабые стороны могут быть в работе с некоторыми сторонними библиотеками, такими как mousetrap и clockwork, где его опыт ограничен.", "repo_name": "kubernetes-sigs/kustomize"}