{"competencies": {"frontend": [], "backend": [{"name": "Redis", "score": 10}, {"name": "Java", "score": 6}, {"name": "Spring", "score": 6}, {"name": "Spring Data Redis", "score": 10}, {"name": "Kotlin", "score": 8}, {"name": "redis", "score": 4}, {"name": "Lettuce", "score": 8}], "data_science": [], "devops": [{"name": "jenkins", "score": 8}, {"name": "maven", "score": 9}, {"name": "make", "score": 6}, {"name": "gradle", "score": 2}, {"name": "bash", "score": 8}, {"name": "Maven", "score": 2}], "qa": [{"name": "JUnit", "score": 6}, {"name": "AssertJ", "score": 4}], "embedded": [], "gamedev": [], "mobile": [], "other": [{"name": "Makefile", "score": 10}, {"name": "Maven", "score": 8}, {"name": "Bash", "score": 5}, {"name": "Apache License", "score": 2}, {"name": "GitHub", "score": 2}, {"name": "Tar", "score": 1}, {"name": "Gzip", "score": 1}, {"name": "develocity", "score": 2}]}, "resume": "Разработчик имеет широкий спектр компетенций, особенно в области разработки на Java и Kotlin, а также в работе с базами данных Redis. Его сильными сторонами являются опыт работы с Spring, Spring Data Redis и системами сборки Maven и Makefile. Однако ему следует улучшить навыки в работе с Gradle и некоторых других инструментах, таких как GitHub и Apache License.", "repo_name": "spring-projects/spring-data-redis"}