{"competencies": {"frontend": [], "backend": [{"name": "Java", "score": 10}, {"name": "Spring Data Redis", "score": 8}, {"name": "Redisson", "score": 8}, {"name": "Quarkus", "score": 8}, {"name": "Redis", "score": 7}, {"name": "Kryo", "score": 2}, {"name": "Jackson JSON processor", "score": 1}, {"name": "Byte Buddy", "score": 1}, {"name": "JSON", "score": 1}, {"name": "spring", "score": 3}, {"name": "redisson", "score": 5}, {"name": "RESP3", "score": 6}, {"name": "Spring", "score": 4}, {"name": "Hibernate", "score": 4}, {"name": "MyBatis", "score": 4}, {"name": "Micronaut", "score": 4}, {"name": "JCache", "score": 4}], "data_science": [], "devops": [{"name": "Maven", "score": 10}, {"name": "Apache Maven Plugin", "score": 6}, {"name": "License Maven Plugin", "score": 4}, {"name": "Maven Jar Plugin", "score": 4}], "qa": [], "embedded": [], "gamedev": [], "mobile": [], "other": [{"name": "Apache License", "score": 1}, {"name": "xsd", "score": 2}, {"name": "xml", "score": 2}]}, "resume": "Разработчик имеет широкий спектр компетенций, особенно в области Java и связанных с ней технологий. Он демонстрирует высокий уровень владения инструментами, такими как Maven, Spring Data Redis и Redisson, а также обладает знаниями в области баз данных, включая Redis и Hibernate. Однако имеются области, в которых разработчик требует дополнительного развития, например, в работе с JSON и Kryo.", "repo_name": "redisson/redisson"}