{"competencies": {"frontend": [{"name": "HTML", "score": 8}, {"name": "javascript", "score": 4}, {"name": "CSS", "score": 3}], "backend": [{"name": "nodejs", "score": 6}, {"name": "yarn", "score": 4}], "data_science": [], "devops": [{"name": "github actions", "score": 9}, {"name": "ubuntu", "score": 2}, {"name": "bash", "score": 4}, {"name": "git", "score": 8}], "qa": [{"name": "ab", "score": 6}], "embedded": [], "gamedev": [], "mobile": [], "other": [{"name": "bash", "score": 8}, {"name": "curl", "score": 6}, {"name": "yaml", "score": 8}, {"name": "jq", "score": 2}, {"name": "json", "score": 2}, {"name": "volta", "score": 2}, {"name": "yarn", "score": 8}, {"name": "typedoc", "score": 6}]}, "resume": "Разработчик имеет широкий спектр компетенций, включая в себя веб-разработку (HTML, CSS, JavaScript), опыт работы с Node.js и фронтенд-миграциями (yarn). Он также знаком с системами управления версиями (git, github actions) и операционными системами (ubuntu). Есть навыки в написании скриптов (bash) и работе с API (curl, json).\n\nСильные стороны: опыт работы с github actions, git, yarn и bash. Разработчик также знаком с Node.js и имеет базовые знания в веб-разработке.\n\nСлабые стороны: относительно низкий уровень знаний в HTML и CSS, а также ограниченный опыт работы с ubuntu, jq и volta.", "repo_name": "getsentry/sentry-javascript"}