{"competencies": {"frontend": [{"name": "HTML", "score": 8}, {"name": "CSS", "score": 2}, {"name": "JavaScript", "score": 2}], "backend": [{"name": "Python", "score": 10}, {"name": "memcached", "score": 2}, {"name": "python", "score": 1}, {"name": "kinto", "score": 10}], "data_science": [], "devops": [{"name": "npm", "score": 6}], "qa": [], "embedded": [], "gamedev": [], "mobile": [], "other": []}, "resume": "Разработчик имеет широкий спектр компетенций, особенно веб-разработки и программирования. Он демонстрирует высокий уровень квалификации в Python, Kinto и NPM, что предполагает его опыт в создании сложных веб-приложений. Однако его навыки в HTML, CSS и JavaScript являются базовыми, что может ограничивать его возможности в фронтенд-разработке.", "repo_name": "Kinto/kinto"}