{"competencies": {"frontend": [{"name": "postcss", "score": 5}, {"name": "autoprefixer", "score": 5}, {"name": "material", "score": 2}, {"name": "css", "score": 2}, {"name": "html", "score": 1}, {"name": "CSS", "score": 8}], "backend": [{"name": "javascript", "score": 2}, {"name": "Python", "score": 6}, {"name": "pip", "score": 6}, {"name": "Go", "score": 8}, {"name": "jinja", "score": 2}, {"name": "Kubernetes", "score": 10}, {"name": "Golang", "score": 8}, {"name": "etcd", "score": 9}, {"name": "CRDs", "score": 8}, {"name": "API", "score": 7}, {"name": "RBAC", "score": 6}, {"name": "JSON", "score": 5}, {"name": "YAML", "score": 5}], "data_science": [], "devops": [{"name": "git", "score": 3}, {"name": "npm", "score": 4}, {"name": "Docker", "score": 8}, {"name": "Git", "score": 4}, {"name": "github", "score": 1}, {"name": "GitHub", "score": 4}], "qa": [], "embedded": [], "gamedev": [], "mobile": [], "other": [{"name": "bash", "score": 8}, {"name": "mkdocs-material", "score": 8}, {"name": "mkdocs-awesome-pages-plugin", "score": 4}, {"name": "mkdocs-macros-plugin", "score": 4}, {"name": "mike", "score": 4}, {"name": "mkdocs", "score": 8}, {"name": "pymdownx", "score": 4}, {"name": "markdown", "score": 2}]}, "resume": "Разработчик имеет широкий спектр компетенций, включая опыт работы с фронтенд-технологиями, такими как PostCSS, Autoprefixer и CSS, а также с бэкенд-технологиями, такими как Python, Go и Kubernetes. Сильными сторонами разработчика можно считать его глубокое понимание контейнеризации приложений с помощью Docker и управления инфраструктурой с помощью Kubernetes, а также его опыт работы с различными инструментами автоматизации, такими как bash и mkdocs. Однако разработчик может иметь некоторые пробелы в знаниях HTML и Material, а также ограниченный опыт работы с некоторыми инструментами, такими как npm и github.", "repo_name": "kcp-dev/kcp"}