{"competencies": {"frontend": [], "backend": [{"name": "python", "score": 8}, {"name": "poetry", "score": 9}], "data_science": [], "devops": [{"name": "docker", "score": 6}], "qa": [{"name": "pytest", "score": 7}], "embedded": [], "gamedev": [], "mobile": [], "other": [{"name": "ruff", "score": 8}]}, "resume": "Разработчик имеет глубокие знания и навыки в таких областях, как Python, где он демонстрирует высокий уровень компетенции, а также показывает отличные результаты в работе с инструментом управления зависимостями Poetry. Кроме того, он знаком с тестированием при помощи Pytest и имеет опыт работы с автоматизированным форматированием кода с помощью Ruff. Однако его навыки в работе с контейнеризацией при помощи Docker требуют дальнейшего развития и совершенствования.", "repo_name": "langchain-ai/langgraph"}