{"competencies": {"frontend": [{"name": "CSS", "score": 8}, {"name": "SVG", "score": 10}], "backend": [{"name": "postgresql", "score": 3}, {"name": "Flask", "score": 2}, {"name": "sqlite", "score": 1}], "data_science": [], "devops": [], "qa": [], "embedded": [], "gamedev": [], "mobile": [], "other": [{"name": "simplelogin", "score": 1}, {"name": "PGP", "score": 1}, {"name": "Facebook API", "score": 1}]}, "resume": "Разработчик имеет широкий спектр компетенций, особенно веб-разработке и базах данных. Он демонстрирует высокий уровень мастерства в создании визуальных элементов и анимаций с помощью SVG, а также знаком с CSS. Однако его опыт работы с веб-фреймворками, такими как Flask, и базами данных, такими как PostgreSQL,sqlite, пока еще развивается.", "repo_name": "simple-login/app"}