{"competencies": {"frontend": [], "backend": [{"name": "Java", "score": 8}], "data_science": [], "devops": [], "qa": [], "embedded": [], "gamedev": [], "mobile": [], "other": [{"name": "openssl", "score": 8}, {"name": "SSL/TLS", "score": 8}, {"name": "OpenSSL", "score": 8}, {"name": "X.509", "score": 8}, {"name": "PEM", "score": 8}]}, "resume": "Разработчик имеет глубокие знания и навыки в области разработки на Java, а также отлично разбирается в криптографических протоколах и технологиях, таких как SSL/TLS, OpenSSL и X.509. Его сильными сторонами являются умение работать с сертификатами и ключами в форматах OpenSSL и PEM, а также понимание принципов безопасности и шифрования. Однако, возможно, ему следует расширить кругозор, изучив другие языки программирования и технологии, чтобы стать более универсальным специалистом.", "repo_name": "ctripcorp/x-pipe"}