{"competencies": {"frontend": [], "backend": [{"name": "Python", "score": 10}], "data_science": [], "devops": [{"name": "docker", "score": 6}, {"name": "kubernetes", "score": 7}, {"name": "k3s", "score": 8}, {"name": "k3d", "score": 8}, {"name": "kubectl", "score": 7}, {"name": "Kubernetes", "score": 8}, {"name": "Kopf", "score": 9}, {"name": "Bash", "score": 7}], "qa": [], "embedded": [], "gamedev": [], "mobile": [], "other": [{"name": "bash", "score": 8}, {"name": "curl", "score": 4}, {"name": "github", "score": 4}, {"name": "kopf", "score": 10}]}, "resume": "Разработчик имеет широкий спектр компетенций, особенно в области контейнеризации и оркестрации с помощью Docker, Kubernetes и k3s. Его сильными сторонами являются отличные навыки в Python, Kopf и k3d, а также хорошие знания в bash и kubectl. Однако, ему следует улучшить навыки в curl и github, где его квалификация не такая высокая, как в других областях.", "repo_name": "nolar/kopf"}