{"competencies": {"frontend": [], "backend": [{"name": "python", "score": 4}], "data_science": [], "devops": [{"name": "git", "score": 6}, {"name": "packer", "score": 9}, {"name": "qemu", "score": 7}, {"name": "debian", "score": 5}, {"name": "makefile", "score": 3}, {"name": "Packer", "score": 8}, {"name": "QEMU", "score": 6}], "qa": [], "embedded": [], "gamedev": [], "mobile": [], "other": [{"name": "XML", "score": 8}, {"name": "bash", "score": 8}, {"name": "gzip", "score": 4}, {"name": "sha256sum", "score": 4}, {"name": "Bitcoin RPC", "score": 8}, {"name": "Lightning Network API", "score": 8}, {"name": "lncli", "score": 6}, {"name": "bitcoin-cli", "score": 6}, {"name": "Markdown", "score": 2}, {"name": "Debian", "score": 4}, {"name": "Linux", "score": 4}, {"name": "Shell", "score": 4}, {"name": "HTTP", "score": 2}, {"name": "IPFS", "score": 1}, {"name": "I2P", "score": 1}, {"name": "Tor", "score": 1}, {"name": "cjdns", "score": 1}, {"name": "Rust", "score": 2}, {"name": "toml", "score": 2}, {"name": "curl", "score": 1}, {"name": "https", "score": 1}, {"name": "tls", "score": 1}, {"name": "typos-cli", "score": 2}, {"name": "nginx", "score": 6}, {"name": "tor", "score": 4}, {"name": "git", "score": 4}, {"name": "openssl", "score": 2}, {"name": "udev", "score": 2}, {"name": "systemd", "score": 6}, {"name": "ufw", "score": 2}, {"name": "whiptail", "score": 2}]}, "resume": "Разработчик имеет широкий спектр компетенций, особенно в области системного администрирования и разработки программного обеспечения. Он демонстрирует высокий уровень знаний в таких областях, как Packer, QEMU, Debian, bash и Bitcoin RPC. Однако имеются пробелы в знаниях в таких областях, как IPFS, I2P, Tor, cjdns и некоторых других.", "repo_name": "raspiblitz/raspiblitz"}