{"competencies": {"frontend": [], "backend": [{"name": "Java", "score": 8}, {"name": "Gradle", "score": 6}, {"name": "OpenJDK", "score": 4}, {"name": "Elasticsearch", "score": 6}, {"name": "JSON", "score": 4}], "data_science": [], "devops": [{"name": "Docker", "score": 8}, {"name": "bash", "score": 4}, {"name": "Linux", "score": 4}, {"name": "Alpine Linux", "score": 4}, {"name": "Git", "score": 2}, {"name": "Bash", "score": 4}, {"name": "Gradle", "score": 8}], "qa": [], "embedded": [{"name": "Raspberry Pi", "score": 2}], "gamedev": [], "mobile": [], "other": [{"name": "Cygwin", "score": 4}, {"name": "MSYS", "score": 4}, {"name": "Apache License", "score": 2}]}, "resume": "Разработчик имеет широкий спектр компетенций, включая опыт работы с Java, Gradle и Elasticsearch, что говорит о его опыте в разработке сложных программных систем. Он также знаком с Docker, Linux и различными инструментами командной строки, такими как bash. Однако ему может не хватать опыта в работе с Git и некоторых других системах контроля версий, что может быть слабым местом в его квалификации.", "repo_name": "loklak/loklak_server"}