{"competencies": {"frontend": [], "backend": [{"name": "python", "score": 6}, {"name": "pip", "score": 4}, {"name": "Python", "score": 10}, {"name": "json", "score": 5}, {"name": "requests", "score": 5}, {"name": "ssl", "score": 2}], "data_science": [{"name": "jupyter", "score": 3}, {"name": "conda", "score": 3}, {"name": "python", "score": 3}, {"name": "spark", "score": 2}, {"name": "ipython", "score": 6}, {"name": "Jupyter", "score": 5}, {"name": "Jupyter Notebook", "score": 10}, {"name": "JupyterLab", "score": 8}, {"name": "JupyterHub", "score": 6}], "devops": [{"name": "docker", "score": 9}, {"name": "github", "score": 6}, {"name": "apt", "score": 2}, {"name": "Docker", "score": 8}, {"name": "SoftLayer", "score": 8}, {"name": "slcli", "score": 6}, {"name": "github-actions", "score": 9}, {"name": "make", "score": 8}, {"name": "ubuntu", "score": 5}, {"name": "docker-hub", "score": 5}, {"name": "supervisor", "score": 8}, {"name": "bash", "score": 4}, {"name": "git", "score": 8}, {"name": "GitHub", "score": 5}, {"name": "ssh", "score": 4}, {"name": "curl", "score": 3}, {"name": "Git", "score": 2}, {"name": "Docker Hub", "score": 2}, {"name": "Travis CI", "score": 7}, {"name": "cookiecutter", "score": 5}, {"name": "Docker Cloud", "score": 6}], "qa": [{"name": "pytest", "score": 3}], "embedded": [], "gamedev": [], "mobile": [], "other": [{"name": "bash", "score": 8}, {"name": "markdown", "score": 4}, {"name": "sed", "score": 5}, {"name": "Makefile", "score": 8}, {"name": "Bash", "score": 6}, {"name": "github", "score": 2}, {"name": "gettext", "score": 8}, {"name": "Transifex", "score": 6}, {"name": "PO", "score": 9}, {"name": "Sphinx", "score": 8}, {"name": "Batch", "score": 6}, {"name": "Markdown", "score": 4}]}, "resume": "Разработчик имеет широкий спектр компетенций, особенно веб-разработке и DevOps. Сильными сторонами разработчика являются его отличное владение Python, Jupyter Notebook, Docker и GitHub, что позволяет ему эффективно работать с данными, создавать и управлять контейнерами, а также участвовать в совместной разработке. Кроме того, он знаком с различными инструментами автоматизации, такими как Makefile, Bash и GitHub Actions, что упрощает процесс разработки и развертывания приложений. Однако разработчик имеет ограниченный опыт в некоторых областях, таких как ssl и apt, что может потребовать дополнительного обучения или опыта для полноценного использования его навыков.", "repo_name": "jupyter/docker-stacks"}