{"competencies": {"frontend": [{"name": "react", "score": 8}, {"name": "emotion", "score": 6}, {"name": "docz", "score": 4}, {"name": "react-feather", "score": 2}, {"name": "polished", "score": 1}, {"name": "styled-components", "score": 1}, {"name": "react-emotion", "score": 7}, {"name": "javascript", "score": 9}, {"name": "jsx", "score": 6}, {"name": "css", "score": 5}, {"name": "babel", "score": 8}, {"name": "module-resolver", "score": 4}], "backend": [{"name": "JavaScript", "score": 10}, {"name": "TypeScript", "score": 10}, {"name": "Node.js", "score": 8}, {"name": "Lodash", "score": 6}, {"name": "unist-util-is", "score": 6}, {"name": "hast-util-to-string", "score": 6}, {"name": "docz-utils", "score": 10}, {"name": "path", "score": 4}], "data_science": [], "devops": [], "qa": [], "embedded": [], "gamedev": [], "mobile": [], "other": [{"name": "playgrodd", "score": 2}]}, "resume": "Разработчик имеет широкий спектр компетенций, особенно веб-разработки с использованием React, JavaScript и TypeScript. Он демонстрирует отличные навыки в написании кода на JavaScript и TypeScript, а также имеет опыт работы с Node.js и различными библиотеками, такими как Lodash и React. Однако, его навыки в области CSS и некоторых библиотек, таких как Emotion и styled-components, не столь высоки, что может указывать на необходимость дальнейшего развития в этих областях.", "repo_name": "doczjs/docz"}