{"competencies": {"frontend": [{"name": "bootstrap", "score": 2}, {"name": "CSS", "score": 10}], "backend": [{"name": "C++", "score": 2}, {"name": "Java", "score": 2}, {"name": "protobuf", "score": 1}, {"name": "Maven", "score": 1}, {"name": "Python", "score": 8}, {"name": "Go", "score": 9}, {"name": "Guava", "score": 4}, {"name": "LZ4", "score": 2}, {"name": "Six", "score": 4}, {"name": "go", "score": 10}, {"name": "go-bindata", "score": 4}, {"name": "golang", "score": 1}, {"name": "gRPC", "score": 10}, {"name": "Starlark", "score": 3}, {"name": "gcc", "score": 8}], "data_science": [{"name": "python", "score": 6}, {"name": "cffi", "score": 2}, {"name": "pypy", "score": 1}], "devops": [{"name": "Bazel", "score": 8}, {"name": "Maven", "score": 6}, {"name": "Linux", "score": 2}, {"name": "Pip", "score": 8}, {"name": "Pex", "score": 2}, {"name": "plz", "score": 2}, {"name": "Kubernetes", "score": 8}, {"name": "Docker", "score": 6}], "qa": [{"name": "UnitTest++", "score": 6}, {"name": "Junit", "score": 4}, {"name": "JUnit", "score": 5}, {"name": "Mockito", "score": 5}, {"name": "Jacoco", "score": 9}], "embedded": [{"name": "c", "score": 4}], "gamedev": [], "mobile": [], "other": [{"name": "plz", "score": 5}, {"name": "GnuPG", "score": 10}, {"name": "OpenSSL", "score": 8}, {"name": "bash", "score": 8}, {"name": "shell", "score": 8}, {"name": "curl", "score": 4}, {"name": "tar", "score": 4}, {"name": "linux", "score": 4}, {"name": "darwin", "score": 2}, {"name": "YAML", "score": 5}, {"name": "Emacs Lisp", "score": 10}, {"name": "LSP", "score": 8}, {"name": "buildifier", "score": 4}, {"name": "Elisp", "score": 4}, {"name": "Apache License", "score": 10}, {"name": "C++", "score": 10}, {"name": "UnitTest++", "score": 10}, {"name": "XML", "score": 4}]}, "resume": "Разработчик имеет широкий спектр компетенций, включая опыт работы с языками программирования Go, Python, C++, Java и Emacs Lisp. Его сильные стороны заключаются в профессиональном уровне владения технологиями Go, gRPC, GnuPG, Emacs Lisp и Apache License. Слабые стороны - ограниченный опыт с Linux, Maven, protobuf и другими инструментами.", "repo_name": "thought-machine/please"}