{"competencies": {"frontend": [{"name": "HTML", "score": 6}, {"name": "CSS", "score": 2}, {"name": "JavaScript", "score": 7}, {"name": "Webpack", "score": 3}, {"name": "SVG", "score": 9}], "backend": [{"name": "Go", "score": 2}, {"name": "php", "score": 6}, {"name": "go", "score": 2}, {"name": "Python", "score": 8}, {"name": "golang", "score": 8}, {"name": "Java", "score": 9}, {"name": "Ruby", "score": 8}, {"name": "Sinatra", "score": 9}, {"name": "Thin", "score": 2}, {"name": "C", "score": 8}, {"name": "eBPF", "score": 9}, {"name": "BPF", "score": 9}, {"name": "Linux", "score": 6}], "data_science": [], "devops": [{"name": "docker", "score": 8}, {"name": "alpine", "score": 4}, {"name": "pyroscope", "score": 7}, {"name": "bash", "score": 5}, {"name": "Helm", "score": 8}, {"name": "Kubernetes", "score": 8}, {"name": "docker-compose", "score": 2}, {"name": "grafana", "score": 2}, {"name": "Grafana Agent", "score": 6}, {"name": "Prometheus", "score": 4}, {"name": "Pyroscope", "score": 9}, {"name": "Gradle", "score": 8}], "qa": [], "embedded": [], "gamedev": [], "mobile": [], "other": [{"name": "openssl", "score": 8}, {"name": "go-difflib", "score": 2}, {"name": "pyroscope-io/client", "score": 3}, {"name": "pyroscope-io/otelpyroscope", "score": 2}, {"name": "pyroscope-io/otel-profiling-go", "score": 4}, {"name": "logrus", "score": 3}, {"name": "objx", "score": 2}, {"name": "Grafana", "score": 10}, {"name": "make", "score": 2}, {"name": "toml", "score": 2}, {"name": "shell", "score": 2}, {"name": "air", "score": 8}, {"name": "Mustache", "score": 6}, {"name": "C", "score": 8}, {"name": "YAML", "score": 5}, {"name": "Windows", "score": 6}, {"name": "Apache License", "score": 2}, {"name": "cmd", "score": 4}, {"name": "GPL", "score": 1}]}, "resume": "Разработчик имеет широкий спектр компетенций, включая в себя веб-разработку (HTML, CSS, JavaScript), системное программирование (C, Go, Java, Ruby) и опыт работы с системами управления версиями (Webpack, Gradle). Сильные стороны включают в себя опыт работы с Python, Go и Java, а также знание систем контейнеризации (docker, Kubernetes). Слабые стороны - относительно низкий уровень компетенций в некоторых областях, таких как CSS и PHP, а также ограниченный опыт работы с некоторыми инструментами, такими как go-difflib и objx.", "repo_name": "grafana/pyroscope"}