{"competencies": {"frontend": [{"name": "SCSS", "score": 8}, {"name": "CSS", "score": 9}, {"name": "HTML", "score": 2}, {"name": "Material Design", "score": 4}, {"name": "Material Icons", "score": 4}], "backend": [], "data_science": [], "devops": [{"name": "nginx", "score": 3}, {"name": "docker", "score": 2}], "qa": [], "embedded": [], "gamedev": [], "mobile": [], "other": [{"name": "Sketch", "score": 8}]}, "resume": "Разработчик имеет глубокие знания и навыки в области веб-разработки, особенно в области frontend, демонстрируя высокий уровень профессионализма в CSS и SCSS. Он также знаком с Material Design и Material Icons, что позволяет ему создавать пользовательские интерфейсы, соответствующие современным стандартам. Однако его знания в HTML оставляют желать лучшего, а также есть ограниченный опыт в работе с nginx и docker, что может быть проблемой при развертывании и управлении сложными веб-проектами.", "repo_name": "angular/angular"}