{"competencies": {"frontend": [{"name": "CSS", "score": 9}, {"name": "Chrome", "score": 4}, {"name": "HTML", "score": 8}, {"name": "JavaScript", "score": 7}, {"name": "jQuery", "score": 8}, {"name": "Bootstrap", "score": 6}], "backend": [{"name": "python3", "score": 8}, {"name": "pip3", "score": 2}, {"name": "Python", "score": 10}, {"name": "Django", "score": 8}, {"name": "Pydantic", "score": 6}, {"name": "LDAP", "score": 8}, {"name": "Pathlib", "score": 2}, {"name": "Inspect", "score": 2}, {"name": "Typing", "score": 2}, {"name": "python", "score": 5}, {"name": "django", "score": 5}, {"name": "Sonic", "score": 8}], "data_science": [], "devops": [{"name": "apt-get", "score": 6}, {"name": "brew", "score": 6}, {"name": "git", "score": 4}, {"name": "systemd", "score": 8}, {"name": "cron", "score": 6}, {"name": "pip", "score": 4}, {"name": "apt", "score": 4}, {"name": "Docker", "score": 4}, {"name": "Git", "score": 2}, {"name": "github", "score": 10}, {"name": "docker", "score": 5}], "qa": [{"name": "flake8", "score": 8}], "embedded": [], "gamedev": [], "mobile": [], "other": [{"name": "XML", "score": 10}, {"name": "RSS", "score": 10}, {"name": "RDF", "score": 10}, {"name": "bash", "score": 8}, {"name": "sqlite3", "score": 6}, {"name": "json", "score": 4}, {"name": "chromium-browser", "score": 8}, {"name": "youtube-dl", "score": 4}, {"name": "curl", "score": 4}, {"name": "wget", "score": 4}, {"name": "google-chrome", "score": 2}, {"name": "github", "score": 2}, {"name": "ArchiveBox", "score": 8}, {"name": "Wget", "score": 2}, {"name": "PDF", "score": 2}, {"name": "WARC", "score": 1}, {"name": "JSON", "score": 1}, {"name": "cfg", "score": 6}]}, "resume": "Разработчик имеет широкий спектр компетенций, включая в себя веб-разработку (HTML, CSS, JavaScript, jQuery, Bootstrap), разработку на Python (Python, Django, Pydantic) и системную администрирование (bash, systemd, cron). Сильными сторонами разработчика являются его навыки в работе с Python, Django и веб-технологиями, а также его опыт в системной администрировании. Слабыми сторонами могут быть недостаточная практика в работе с некоторыми инструментами, такими как pip3, Pathlib, Typing и Git.", "repo_name": "ArchiveBox/ArchiveBox"}