{"competencies": {"frontend": [{"name": "javascript", "score": 2}, {"name": "nuxt", "score": 1}, {"name": "next", "score": 1}, {"name": "CSS", "score": 9}, {"name": "SVG", "score": 2}, {"name": "Tailwind CSS", "score": 8}, {"name": "react", "score": 8}, {"name": "typescript", "score": 6}, {"name": "next.js", "score": 4}, {"name": "react-dom", "score": 2}, {"name": "lucide-react", "score": 2}, {"name": "sonner", "score": 2}, {"name": "tailwindcss", "score": 10}, {"name": "html", "score": 6}, {"name": "css", "score": 6}, {"name": "HTML", "score": 8}, {"name": "JavaScript", "score": 4}, {"name": "PWA", "score": 2}, {"name": "Google Fonts", "score": 1}], "backend": [{"name": "SQL", "score": 8}, {"name": "sqlite", "score": 2}, {"name": "nodejs", "score": 4}], "data_science": [], "devops": [{"name": "docker", "score": 3}, {"name": "nginx", "score": 8}, {"name": "Caddy", "score": 8}], "qa": [], "embedded": [], "gamedev": [], "mobile": [], "other": [{"name": "yarn", "score": 4}, {"name": "JSON", "score": 3}, {"name": "markdown", "score": 8}, {"name": "remark-gfm", "score": 2}, {"name": "github", "score": 2}]}, "resume": "Разработчик имеет широкий спектр компетенций, особенно веб-разработки. Он демонстрирует высокий уровень владения CSS, Tailwind CSS и HTML, что указывает на сильные навыки в верстке и разработке веб-интерфейсов. Кроме того, он знаком с популярными фреймворками и библиотеками, такими как React, Next.js и Nuxt, а также имеет опыт работы с базами данных, в частности, SQL и SQLite.\n\nСлабые стороны разработчика могут быть связаны с относительно ограниченным опытом работы с некоторыми технологиями, такими как Node.js, Docker и Caddy, хотя он и имеет основные знания в этих областях. Также есть возможность улучшения навыков в JavaScript, поскольку его уровень владения им несколько ниже, чем в CSS и HTML.\n\nВ целом, разработчик обладает разнообразным набором навыков, которые позволяют ему решать широкий спектр задач в веб-разработке, от верстки и разработки интерфейсов до работы с базами данных и серверной части.", "repo_name": "chibisafe/chibisafe"}