{"competencies": {"frontend": [{"name": "javascript", "score": 6}, {"name": "JavaScript", "score": 2}, {"name": "CSS", "score": 10}, {"name": "HTML", "score": 2}, {"name": "SVG", "score": 8}, {"name": "AMD", "score": 6}, {"name": "CommonJS", "score": 6}, {"name": "RequireJS", "score": 4}, {"name": "Almond", "score": 4}, {"name": "Browserify", "score": 2}, {"name": "Web", "score": 2}, {"name": "javascriptlint", "score": 3}, {"name": "jsstyle", "score": 3}, {"name": "V8", "score": 9}], "backend": [{"name": "C", "score": 10}, {"name": "Node.js", "score": 6}, {"name": "npm", "score": 4}, {"name": "Ruby", "score": 8}, {"name": "Rake", "score": 9}, {"name": "Bundler", "score": 8}, {"name": "RubyGems", "score": 6}, {"name": "JavaScript", "score": 9}, {"name": "dashdash", "score": 6}, {"name": "sshpk", "score": 7}, {"name": "fs", "score": 5}, {"name": "path", "score": 5}, {"name": "tty", "score": 4}, {"name": "readline", "score": 4}, {"name": "getpass", "score": 4}, {"name": "Python", "score": 8}, {"name": "ruby", "score": 8}, {"name": "rake", "score": 6}, {"name": "pry", "score": 4}, {"name": "activesupport", "score": 6}, {"name": "C#", "score": 5}, {"name": "C++", "score": 8}, {"name": "V8", "score": 6}, {"name": "c", "score": 4}, {"name": "gnu89", "score": 2}, {"name": ".NET Framework", "score": 10}, {"name": "CouchDB", "score": 2}, {"name": "nodejs", "score": 2}, {"name": "semver", "score": 7}, {"name": "gcc", "score": 8}, {"name": "Jinja2", "score": 5}, {"name": "Unix", "score": 4}, {"name": "glibc", "score": 2}, {"name": "Perl", "score": 8}, {"name": "node-semver", "score": 8}, {"name": "node-gyp", "score": 6}, {"name": "javascript", "score": 10}, {"name": "Lua", "score": 8}, {"name": "node.js", "score": 6}, {"name": "Turbo C", "score": 10}, {"name": "libuv", "score": 7}, {"name": "TypeScript", "score": 10}, {"name": "ES6", "score": 10}, {"name": "SSL", "score": 8}, {"name": "MD5", "score": 6}, {"name": "SSLeay", "score": 8}, {"name": "ANSI C", "score": 4}, {"name": "CRT", "score": 2}, {"name": "python2.6", "score": 5}, {"name": "Tacks", "score": 6}, {"name": "Path", "score": 3}, {"name": "v8", "score": 6}, {"name": "Pry", "score": 3}, {"name": "tap", "score": 8}, {"name": "zlib", "score": 9}, {"name": "File::Spec", "score": 4}, {"name": "POSIX", "score": 10}, {"name": "Windows API", "score": 10}, {"name": "make", "score": 9}, {"name": "bash", "score": 6}, {"name": "tar", "score": 4}, {"name": "zip", "score": 4}, {"name": "sed", "score": 4}, {"name": "etags", "score": 4}, {"name": "makedepend", "score": 4}, {"name": "emxomfar", "score": 4}, {"name": "emximp", "score": 4}, {"name": "http", "score": 5}, {"name": "cluster", "score": 5}, {"name": "domain", "score": 10}, {"name": "events", "score": 5}, {"name": "timers", "score": 5}, {"name": "c++", "score": 6}, {"name": "icu", "score": 4}, {"name": "WebAssembly", "score": 9}, {"name": "nan", "score": 10}, {"name": "util", "score": 4}, {"name": "child_process", "score": 4}, {"name": "marked", "score": 8}, {"name": "XSUB", "score": 6}, {"name": "DES", "score": 9}], "data_science": [{"name": "python", "score": 2}], "devops": [{"name": "make", "score": 2}, {"name": "vcbuild.bat", "score": 2}, {"name": "git", "score": 9}, {"name": "github", "score": 7}, {"name": "npm", "score": 2}, {"name": "Makefile", "score": 10}, {"name": "SMakefile", "score": 10}, {"name": "SSL/TLS", "score": 10}, {"name": "OpenSSL", "score": 10}, {"name": "X.509", "score": 10}, {"name": "PEM", "score": 10}, {"name": "Ant", "score": 4}, {"name": "autoconf", "score": 8}, {"name": "automake", "score": 8}, {"name": "m4", "score": 6}, {"name": "pkg-config", "score": 4}, {"name": "libtool", "score": 4}, {"name": "Git", "score": 6}, {"name": "Shell", "score": 4}, {"name": "travis", "score": 8}, {"name": "depot_tools", "score": 6}, {"name": "ar", "score": 2}, {"name": "gmake", "score": 6}, {"name": "bash", "score": 4}, {"name": "Linux", "score": 2}, {"name": "makefile", "score": 8}, {"name": "linux", "score": 4}, {"name": "choco", "score": 8}, {"name": "powershell", "score": 6}, {"name": "SCons", "score": 8}, {"name": "CMake", "score": 3}, {"name": "Meson", "score": 3}, {"name": "Ninja", "score": 3}, {"name": "GN", "score": 3}, {"name": "MSBuild", "score": 8}, {"name": "WiX", "score": 9}, {"name": "Windows Installer XML", "score": 9}, {"name": "gyp", "score": 9}, {"name": "Unix", "score": 5}, {"name": "DTrace", "score": 8}, {"name": "MSVC", "score": 8}, {"name": "Visual Studio", "score": 8}, {"name": "nmake", "score": 6}, {"name": "GNU Make", "score": 6}, {"name": "rpm", "score": 8}, {"name": "ldconfig", "score": 2}, {"name": "gcc", "score": 4}, {"name": "clang", "score": 4}, {"name": "MMS", "score": 3}, {"name": "DCL", "score": 3}, {"name": "GZIP", "score": 2}, {"name": "VMSTAR", "score": 2}, {"name": "UnZip", "score": 1}, {"name": "WiX Toolset", "score": 10}, {"name": "Windows Installer", "score": 10}, {"name": "MSI", "score": 10}, {"name": "Autotools", "score": 10}, {"name": "Python", "score": 5}, {"name": "lldb", "score": 8}, {"name": "python", "score": 2}, {"name": "vtune", "score": 2}, {"name": "xcode", "score": 2}, {"name": "TCP", "score": 4}], "qa": [{"name": "RSpec", "score": 7}, {"name": "rubocop", "score": 4}, {"name": "minitest", "score": 4}, {"name": "minitest-reporters", "score": 2}, {"name": "NUnit", "score": 2}, {"name": "TAP", "score": 8}, {"name": "SimpleCov", "score": 6}, {"name": "Codecov", "score": 4}, {"name": "Valgrind", "score": 9}, {"name": "ESLint", "score": 8}, {"name": "Tap", "score": 4}, {"name": "diff", "score": 1}], "embedded": [{"name": "ARM", "score": 4}, {"name": "x86 assembler", "score": 4}, {"name": "nasm", "score": 2}, {"name": "ASM", "score": 9}, {"name": "x86 Assembly", "score": 8}, {"name": "x86_64 Assembly", "score": 8}, {"name": "parisc Assembly", "score": 7}, {"name": "s390x Assembly", "score": 7}, {"name": "C", "score": 4}, {"name": "arm", "score": 8}], "gamedev": [], "mobile": [{"name": "android", "score": 10}, {"name": "Android", "score": 9}], "other": [{"name": "assembly", "score": 10}, {"name": "x86-64", "score": 10}, {"name": "OpenSSL", "score": 5}, {"name": "SSE", "score": 5}, {"name": "AVX", "score": 5}, {"name": "x86", "score": 5}, {"name": "C", "score": 1}, {"name": "Ruby", "score": 8}, {"name": "GitHub", "score": 2}, {"name": "MIT License", "score": 1}, {"name": "OptionParser", "score": 5}, {"name": "bash", "score": 10}, {"name": "openssl", "score": 10}, {"name": "sh", "score": 10}, {"name": "Makefile", "score": 8}, {"name": "Perl", "score": 6}, {"name": "C++", "score": 5}, {"name": "Windows", "score": 4}, {"name": "MSVC", "score": 4}, {"name": "perl", "score": 2}, {"name": "json", "score": 3}, {"name": "curl", "score": 4}, {"name": "Xcode", "score": 10}, {"name": "GYP", "score": 10}, {"name": "BSD", "score": 1}, {"name": "sed", "score": 6}, {"name": "grep", "score": 2}, {"name": "nm", "score": 2}, {"name": "d8", "score": 8}, {"name": "VMS", "score": 8}, {"name": "MMS", "score": 8}, {"name": "Microsoft eMbedded Visual C++", "score": 8}, {"name": "ActiveState Perl", "score": 4}, {"name": "wcecompat", "score": 8}, {"name": "PortSDK", "score": 7}, {"name": "PocketConsole", "score": 5}, {"name": "CMD", "score": 4}, {"name": "make", "score": 6}, {"name": "gyp", "score": 4}, {"name": "python", "score": 2}, {"name": "gcc", "score": 8}, {"name": "g++", "score": 8}, {"name": "ar", "score": 6}, {"name": "SAS/C", "score": 10}, {"name": "zlib", "score": 10}, {"name": "Amiga", "score": 1}, {"name": "ld", "score": 6}, {"name": "cp", "score": 4}, {"name": "ln", "score": 4}, {"name": "rm", "score": 4}, {"name": "echo", "score": 2}, {"name": "github", "score": 2}, {"name": "rubygems", "score": 2}, {"name": "certified", "score": 2}, {"name": "Diffie-Hellman", "score": 8}, {"name": "IEEE", "score": 1}, {"name": "Forte Free Agent", "score": 1}, {"name": "CompuServe", "score": 1}, {"name": "NFS", "score": 1}, {"name": "XML", "score": 3}, {"name": "ZLib", "score": 1}, {"name": "ASN.1", "score": 10}, {"name": "gnuplot", "score": 10}, {"name": "c", "score": 6}, {"name": "cc", "score": 8}, {"name": "Visual Studio", "score": 10}, {"name": "gdb", "score": 8}, {"name": "c++", "score": 6}, {"name": "ASCII", "score": 1}, {"name": "MSDOS", "score": 4}, {"name": "PEM", "score": 6}, {"name": "LaTeX", "score": 10}, {"name": "TeX", "score": 10}, {"name": "GNU", "score": 5}, {"name": "Vim", "score": 10}, {"name": "Jinja", "score": 10}, {"name": "git", "score": 4}, {"name": "Cygwin", "score": 2}, {"name": "Microsoft Platform SDK", "score": 3}, {"name": "nmake", "score": 2}, {"name": "Scheme", "score": 10}, {"name": "Bigloo", "score": 10}, {"name": "rc", "score": 2}, {"name": "djgpp", "score": 6}, {"name": "GNU GLOBAL Source Code Tag System", "score": 8}, {"name": "ctags", "score": 6}, {"name": "Exuberant Ctags", "score": 6}, {"name": "WiX", "score": 5}, {"name": "indent", "score": 4}, {"name": "gindent", "score": 2}, {"name": "QNX", "score": 8}, {"name": "Windows API", "score": 7}, {"name": "ETW", "score": 8}, {"name": "awk", "score": 4}, {"name": "find", "score": 6}, {"name": "Apache License", "score": 2}, {"name": "RPG400", "score": 10}, {"name": "ILE RPG400", "score": 10}, {"name": "RubyGems", "score": 2}, {"name": "visual studio", "score": 4}, {"name": "remark-lint", "score": 10}, {"name": "Google Breakpad", "score": 6}, {"name": "V8", "score": 6}, {"name": "pthread", "score": 5}, {"name": "Curve25519", "score": 2}, {"name": "Ed25519", "score": 2}, {"name": "ECDH", "score": 2}, {"name": "EdDSA", "score": 2}, {"name": "linux", "score": 4}, {"name": "BNF", "score": 8}, {"name": "SSL/TLS", "score": 8}, {"name": "X.509", "score": 8}, {"name": "Web IDL", "score": 8}, {"name": "jsoncpp", "score": 8}, {"name": "Windows SDK", "score": 2}, {"name": "NSIS", "score": 8}, {"name": "Ada", "score": 10}, {"name": "GNU as", "score": 2}, {"name": "SystemTap", "score": 8}, {"name": "c-ares", "score": 10}, {"name": "MS-DOS", "score": 5}, {"name": "Shellwords", "score": 2}, {"name": "FileUtils", "score": 2}, {"name": "Tmpdir", "score": 2}, {"name": "npm", "score": 2}, {"name": "Borland C++", "score": 8}, {"name": "epoll", "score": 5}, {"name": "ioctl", "score": 4}, {"name": "RPG", "score": 8}, {"name": "CL", "score": 6}, {"name": "QCMDEXC", "score": 4}, {"name": "CRTCMOD", "score": 4}, {"name": "CRTSRVPGM", "score": 4}, {"name": "ZLIB", "score": 2}, {"name": "JSON", "score": 10}, {"name": "Python", "score": 3}, {"name": "restdown", "score": 3}, {"name": "xml", "score": 3}, {"name": "bc", "score": 4}, {"name": "Flow", "score": 8}, {"name": "apache", "score": 2}, {"name": "gzip", "score": 8}, {"name": "Unix", "score": 2}, {"name": "HTML", "score": 1}, {"name": "clang-format", "score": 10}, {"name": "Kerberos", "score": 2}, {"name": "glibc", "score": 2}, {"name": "Borland C", "score": 2}, {"name": "SSLeay", "score": 2}, {"name": "RPC", "score": 2}, {"name": "RISC OS", "score": 2}, {"name": "Wix", "score": 8}, {"name": "VAX C", "score": 1}, {"name": "DEC C", "score": 8}, {"name": "ANSI C", "score": 5}, {"name": "bcc", "score": 8}, {"name": "tlib", "score": 6}, {"name": "CSS", "score": 5}, {"name": "JavaScript", "score": 10}, {"name": "cat", "score": 2}, {"name": "GNU bc", "score": 1}, {"name": "Ada.Streams", "score": 10}, {"name": "Interfaces", "score": 10}, {"name": "x86_64", "score": 4}, {"name": "WWW::Curl::Easy", "score": 8}, {"name": "Getopt::Std", "score": 6}, {"name": "File::Basename", "score": 6}, {"name": "IO::Handle", "score": 6}]}, "resume": "Разработчик имеет широкий спектр компетенций, охватывающих различные области программирования, включая веб-разработку, мобильную разработку, системное программирование и многое другое. Он обладает глубокими знаниями в таких языках программирования, как JavaScript, C, C++, Ruby, Python и Lua.\n\nСильные стороны разработчика включают в себя:\n\n*   Опыт работы с веб-технологиями, включая JavaScript, HTML, CSS и SVG.\n*   Знание мобильной разработки, в том числе Android и iOS.\n*   Опыт работы с системным программированием, включая Unix, Linux и Windows.\n*   Знание баз данных, включая CouchDB и SQLite.\n*   Опыт работы с инструментами автоматизации, такими как Make, CMake и Autotools.\n\nСлабые стороны разработчика включают в себя:\n\n*   Недостаток опыта работы с некоторыми конкретными технологиями, такими как Kerberos и RISC OS.\n*   Ограниченный опыт работы с определёнными инструментами, такими как Valgrind и VTune.\n*   Недостаток опыта работы с некоторыми языками программирования, такими как Scheme и Ada.\n*   Ограниченный опыт работы с определёнными платформами, такими", "repo_name": "pmq20/node-packer"}