{"competencies": {"frontend": [], "backend": [{"name": "Scala", "score": 3}, {"name": "Kafka", "score": 8}, {"name": "Java", "score": 8}, {"name": "Maven", "score": 6}, {"name": "Eclipse", "score": 4}, {"name": "IntelliJ IDEA", "score": 6}, {"name": "VS Code", "score": 2}, {"name": "Velocity", "score": 2}, {"name": "java", "score": 4}, {"name": "Strimzi", "score": 1}], "data_science": [], "devops": [{"name": "Docker", "score": 6}, {"name": "Linux", "score": 4}, {"name": "Helm", "score": 2}, {"name": "minikube", "score": 2}, {"name": "maven", "score": 8}, {"name": "docker", "score": 6}, {"name": "Kubernetes", "score": 8}, {"name": "Kaniko", "score": 2}, {"name": "Quay.io", "score": 1}], "qa": [], "embedded": [], "gamedev": [], "mobile": [], "other": [{"name": "Apache", "score": 2}, {"name": "Inkscape", "score": 10}, {"name": "YAML", "score": 4}, {"name": "log4j", "score": 8}, {"name": "log4j2", "score": 8}, {"name": "SSL/TLS", "score": 10}, {"name": "Apache License", "score": 10}, {"name": "bash", "score": 8}]}, "resume": "Разработчик имеет широкий спектр компетенций, особенно в области Java и связанных с ней технологий. Он демонстрирует высокий уровень владения инструментами и фреймворками, такими как Kafka, Java, Maven, IntelliJ IDEA и Docker. Кроме того, он обладает глубокими знаниями в области контейнеризации и оркестрации с помощью Docker, Kubernetes и Helm. Сильными сторонами разработчика являются его опыт работы с Java, Kafka, Docker и Kubernetes, а также его умение настраивать и использовать различные инструменты и фреймворки. Слабые стороны - недостаточный опыт работы с инструментами, такими как VS Code, Strimzi, Quay.io и Inkscape, хотя последняя и имеет высокий балл, но это скорее исключение.", "repo_name": "strimzi/strimzi-kafka-operator"}