{"competencies": {"frontend": [{"name": "yarn", "score": 8}, {"name": "JavaScript", "score": 4}, {"name": "TypeScript", "score": 9}], "backend": [{"name": "node", "score": 4}, {"name": "Node.js", "score": 4}, {"name": "Python", "score": 10}, {"name": "JavaScript", "score": 8}], "data_science": [{"name": "tfjs", "score": 6}, {"name": "TensorFlow.js", "score": 8}], "devops": [{"name": "gsutil", "score": 2}, {"name": "docker", "score": 2}, {"name": "gcr", "score": 2}, {"name": "Bazel", "score": 8}, {"name": "Python", "score": 6}], "qa": [{"name": "Jasmine", "score": 6}], "embedded": [], "gamedev": [], "mobile": [], "other": [{"name": "Apache License", "score": 2}, {"name": "Seedrandom", "score": 4}, {"name": "AJV", "score": 4}, {"name": "npm", "score": 4}]}, "resume": "Разработчик имеет широкий спектр компетенций, включая опыт работы с языками программирования Python и JavaScript, а также их расширениями, такими как TypeScript и TensorFlow.js. Он также знаком с инструментами и фреймворками, такими как Node.js, Yarn, Docker и Bazel. Однако, есть области, где его навыки не так сильны, например, gsutil, gcr и Apache License, где ему, возможно, потребуется дополнительное обучение или практика.", "repo_name": "tensorflow/tfjs"}