{"competencies": {"frontend": [], "backend": [{"name": "C", "score": 10}, {"name": "C++", "score": 10}, {"name": "std::map", "score": 5}, {"name": "std::vector", "score": 5}, {"name": "std::ostream", "score": 5}, {"name": "cpp", "score": 8}, {"name": "clang", "score": 6}, {"name": "gcc", "score": 8}, {"name": "Python", "score": 10}, {"name": "Rust", "score": 4}, {"name": "pthread", "score": 4}, {"name": "MySQL", "score": 3}, {"name": "Microsoft Visual C++", "score": 9}, {"name": "afxres.h", "score": 2}, {"name": "resource.h", "score": 2}, {"name": "POSIX", "score": 4}, {"name": "Lua", "score": 10}, {"name": "python", "score": 3}], "data_science": [], "devops": [{"name": "travis", "score": 9}, {"name": "ubuntu", "score": 4}, {"name": "apt", "score": 4}, {"name": "bash", "score": 6}, {"name": "gerrit", "score": 3}, {"name": "autoconf", "score": 10}, {"name": "make", "score": 6}, {"name": "gcc", "score": 4}, {"name": "GNU", "score": 4}, {"name": "Xcode", "score": 5}, {"name": "Brew", "score": 3}, {"name": "GitHub Actions", "score": 5}, {"name": "Docker", "score": 2}, {"name": "PowerShell", "score": 2}, {"name": "Git", "score": 8}, {"name": "clang-format", "score": 2}, {"name": "GitHub", "score": 9}, {"name": "autotools", "score": 8}, {"name": "Powershell", "score": 1}, {"name": "gclient", "score": 2}, {"name": "gyp", "score": 3}, {"name": "linux", "score": 1}, {"name": "windows", "score": 1}, {"name": "mac", "score": 2}], "qa": [{"name": "coverity", "score": 4}, {"name": "gtest", "score": 4}, {"name": "googlemock", "score": 1}, {"name": "googletest", "score": 1}], "embedded": [{"name": "C++", "score": 3}, {"name": "C++11", "score": 2}], "gamedev": [], "mobile": [{"name": "Objective-C", "score": 5}], "other": [{"name": "XML", "score": 5}, {"name": "Crazy Eddie's GUI System (CEGUI)", "score": 10}, {"name": "GNU Lesser General Public License", "score": 1}, {"name": "Microsoft Visual Studio", "score": 10}, {"name": "C++", "score": 10}, {"name": "Lua", "score": 10}, {"name": "gcl", "score": 2}, {"name": "chromium", "score": 2}, {"name": "googlesource", "score": 2}, {"name": "breakpad", "score": 2}, {"name": "NSIS", "score": 8}, {"name": "C", "score": 2}, {"name": "DirectX", "score": 4}, {"name": "Discord", "score": 2}, {"name": "MySQL", "score": 2}, {"name": "UAC", "score": 4}, {"name": "DWARF", "score": 5}, {"name": "Windows", "score": 2}, {"name": "macOS", "score": 2}, {"name": "Linux", "score": 2}, {"name": "CEF", "score": 1}, {"name": "Premake", "score": 2}, {"name": "Visual Studio Code", "score": 1}, {"name": "GitLens", "score": 1}, {"name": "bash", "score": 8}, {"name": "make", "score": 6}, {"name": "premake5", "score": 4}, {"name": "gmake", "score": 2}, {"name": "sysctl", "score": 1}, {"name": "proc", "score": 1}, {"name": "uname", "score": 2}, {"name": "Markdown", "score": 2}, {"name": "LogicLib.nsh", "score": 8}, {"name": "Util.nsh", "score": 8}, {"name": "nsArray", "score": 10}, {"name": "STL", "score": 8}, {"name": "Crypto++", "score": 9}, {"name": "XML Schema", "score": 8}, {"name": "XSD", "score": 8}, {"name": "Visual Studio", "score": 5}, {"name": "Batch Script", "score": 8}, {"name": "Discord SDK", "score": 1}, {"name": "VBS", "score": 2}, {"name": "FreeType", "score": 10}, {"name": "glog", "score": 1}, {"name": "protobuf", "score": 1}, {"name": "gyp", "score": 2}]}, "resume": "Разработчик имеет широкий спектр компетенций, включая опыт работы с языками программирования C, C++, Python, Rust и Lua, а также с различными библиотеками и фреймворками, такими как std::map, std::vector, std::ostream, pthread и MySQL. Он также знаком с различными операционными системами, включая Windows, Linux и macOS, и имеет опыт работы с инструментами разработки, такими как clang, gcc, Visual Studio и Xcode.\n\nСильными сторонами разработчика являются его опыт работы с языками программирования и библиотеками, а также его знания операционных систем. Однако, есть области, в которых ему необходимо улучшить свои навыки, такие как работа с некоторыми инструментами разработки и библиотеками, такими как Docker, PowerShell и googletest.\n\nВ целом, разработчик имеет хорошую квалификацию и опыт работы в различных областях программирования, что позволяет ему решать широкий спектр задач.", "repo_name": "multitheftauto/mtasa-blue"}