{"competencies": {"frontend": [{"name": "HTML", "score": 8}, {"name": "CSS", "score": 6}, {"name": "JavaScript", "score": 9}, {"name": "VuePress", "score": 7}, {"name": "SVG", "score": 4}, {"name": "Webpack", "score": 2}, {"name": "CEF", "score": 5}], "backend": [{"name": "Python", "score": 5}, {"name": "Flask", "score": 4}, {"name": "Bottle", "score": 2}, {"name": "python", "score": 9}, {"name": "Node.js", "score": 6}, {"name": "JavaScript", "score": 4}, {"name": "C#", "score": 8}, {"name": "WebView2", "score": 9}, {"name": "Windows API", "score": 7}, {"name": "Microsoft.Toolkit.Forms.UI.Controls", "score": 6}, {"name": "Microsoft.Web.WebView2", "score": 8}, {"name": "csproj", "score": 8}], "data_science": [], "devops": [{"name": "AppVeyor", "score": 5}, {"name": "PowerShell", "score": 5}, {"name": "Gradle", "score": 6}, {"name": "Git", "score": 1}, {"name": "GitHub Actions", "score": 9}, {"name": "Ubuntu", "score": 2}], "qa": [{"name": "pytest", "score": 9}, {"name": "Pytest", "score": 10}], "embedded": [{"name": "x86", "score": 5}, {"name": "x64", "score": 5}, {"name": "arm64", "score": 4}], "gamedev": [], "mobile": [{"name": "Buildozer", "score": 4}], "other": [{"name": "pywebview", "score": 10}, {"name": "bash", "score": 8}, {"name": "npm", "score": 4}, {"name": "DLL", "score": 6}, {"name": "Visual Studio", "score": 9}, {"name": "Visual Studio 14", "score": 9}, {"name": "Visual Studio Solution File", "score": 9}, {"name": "WinForms", "score": 2}, {"name": "Cocoa", "score": 2}, {"name": "QT", "score": 2}, {"name": "GTK", "score": 2}, {"name": "BSD", "score": 1}, {"name": "VSCode", "score": 2}, {"name": "Pywebview", "score": 1}]}, "resume": "Разработчик имеет широкий спектр компетенций, включая в себя веб-разработку (HTML, CSS, JavaScript, VuePress, Node.js), разработку на языках C# и Python, а также опыт работы с различными фреймворками и инструментами (Flask, Bottle, Webpack, CEF, Microsoft.Toolkit.Forms.UI.Controls). Сильными сторонами разработчика являются его навыки в веб-разработке, особенно в JavaScript и VuePress, а также его опыт работы с Python и pywebview. Слабыми сторонами можно назвать относительно низкий уровень знаний в таких областях, как Git, Ubuntu, Cocoa, QT, GTK и BSD.", "repo_name": "r0x0r/pywebview"}