{"competencies": {"frontend": [{"name": "CSS", "score": 4}], "backend": [{"name": "Python", "score": 8}, {"name": "pip", "score": 6}], "data_science": [{"name": "TensorFlow", "score": 4}, {"name": "PyTorch", "score": 4}, {"name": "NumPy", "score": 8}, {"name": "Keras", "score": 9}, {"name": "Theano", "score": 2}], "devops": [{"name": "GitHub Actions", "score": 4}, {"name": "Bash", "score": 4}], "qa": [{"name": "Pytest", "score": 8}, {"name": "Codecov", "score": 4}], "embedded": [], "gamedev": [], "mobile": [], "other": [{"name": "Adobe Illustrator", "score": 8}, {"name": "SVG", "score": 9}, {"name": "XML", "score": 6}, {"name": "Makefile", "score": 8}, {"name": "Sphinx", "score": 9}, {"name": "X-TOOL", "score": 10}, {"name": "GNU Lesser General Public License", "score": 10}, {"name": "Python", "score": 8}]}, "resume": "Разработчик имеет широкий спектр компетенций, включая глубокое знание Python и соответствующих библиотек, таких как NumPy и Keras. Он также демонстрирует сильные навыки в работе с визуальными инструментами, такими как Adobe Illustrator и SVG. Однако его знания в области машинного обучения и глубокого обучения (TensorFlow, PyTorch, Theano) не так глубоки, как в других областях. С другой стороны, его опыт работы с системами контроля версий и автоматизации (GitHub Actions, Makefile, Sphinx) и навыки в области документирования и лицензирования (GNU Lesser General Public License) являются значительными.", "repo_name": "deepchem/deepchem"}