{"competencies": {"frontend": [], "backend": [{"name": "PostgreSQL", "score": 8}, {"name": "Python", "score": 8}, {"name": "Go", "score": 10}, {"name": "postgresql", "score": 9}, {"name": "sql", "score": 6}, {"name": "MariaDB", "score": 8}, {"name": "C", "score": 8}, {"name": "gccgo", "score": 7}, {"name": "syscall", "score": 5}, {"name": "asm", "score": 4}, {"name": "github.com/gorilla/context", "score": 6}, {"name": "github.com/gorilla/securecookie", "score": 6}, {"name": "github.com/pkg/errors", "score": 6}, {"name": "go", "score": 2}, {"name": "Ruby", "score": 8}, {"name": "golang", "score": 8}, {"name": "gofmt", "score": 2}], "data_science": [], "devops": [{"name": "Docker", "score": 6}, {"name": "Harbor", "score": 9}, {"name": "Clair", "score": 8}, {"name": "docker", "score": 9}, {"name": "bash", "score": 7}, {"name": "linux", "score": 8}, {"name": "dep", "score": 8}, {"name": "docker-compose", "score": 9}, {"name": "nginx", "score": 4}, {"name": "syslog", "score": 3}, {"name": "git", "score": 1}, {"name": "trivy", "score": 2}, {"name": "clair", "score": 2}, {"name": "notary", "score": 2}, {"name": "Makefile", "score": 8}, {"name": "curl", "score": 2}, {"name": "tar", "score": 1}], "qa": [{"name": "Robot Framework", "score": 8}, {"name": "Chrome Driver", "score": 6}, {"name": "Python", "score": 4}, {"name": "golint", "score": 4}, {"name": "go vet", "score": 4}, {"name": "golangci-lint", "score": 6}, {"name": "yamllint", "score": 5}], "embedded": [], "gamedev": [], "mobile": [], "other": [{"name": "photon", "score": 8}, {"name": "Apache License", "score": 1}, {"name": "VMware", "score": 1}, {"name": "github", "score": 2}, {"name": "hcl", "score": 6}, {"name": "yaml", "score": 5}, {"name": "tcp", "score": 2}, {"name": "Perl", "score": 8}, {"name": "protobuf", "score": 10}, {"name": "gofmt", "score": 2}, {"name": "bash", "score": 3}, {"name": "make", "score": 4}, {"name": "Python", "score": 8}]}, "resume": "Разработчик имеет широкий спектр компетенций, включая опыт работы с различными языками программирования, такими как Go, Python, C, Ruby и Perl. Он также знаком с базами данных, включая PostgreSQL, MariaDB и SQL. Есть опыт работы с контейнеризацией и оркестровкой при помощи Docker и Harbor, а также с системами безопасности, такими как Clair и Notary.\n\nСильными сторонами разработчика можно назвать его опыт работы с Go и protobuf, а также его знания в области контейнеризации и оркестровки. Однако, у него есть некоторые пробелы в знаниях, такие как ограниченный опыт работы с git и github, а также относительно низкий уровень знаний в области системного администрирования Linux.", "repo_name": "goharbor/harbor"}