{"competencies": {"frontend": [{"name": "D3.js", "score": 2}], "backend": [{"name": "JavaScript", "score": 8}, {"name": "TypeScript", "score": 9}, {"name": "Inversify", "score": 5}, {"name": "Node.js", "score": 6}, {"name": "InversifyJS", "score": 10}, {"name": "Ninject", "score": 2}, {"name": "C#", "score": 1}], "data_science": [], "devops": [{"name": "Grunt", "score": 4}, {"name": "npm", "score": 5}], "qa": [{"name": "Istanbul", "score": 3}, {"name": "JSCover", "score": 3}], "embedded": [], "gamedev": [], "mobile": [], "other": []}, "resume": "Разработчик имеет глубокие знания и опыт работы с TypeScript и InversifyJS, которые являются его основными компетенциями. Он также демонстрирует неплохие навыки в Node.js и JavaScript, хотя есть потенциал для дальнейшего развития в этих областях. Слабые стороны включают ограниченный опыт работы с C# и Ninject, а также относительно низкий уровень знаний в D3.js, Grunt, npm, Istanbul и JSCover.", "repo_name": "inversify/InversifyJS"}