{"competencies": {"frontend": [], "backend": [{"name": "Go", "score": 8}, {"name": "Prometheus", "score": 8}, {"name": "Grafana", "score": 9}, {"name": "go", "score": 6}, {"name": "openapi", "score": 2}, {"name": "json", "score": 2}, {"name": "yaml", "score": 2}, {"name": "gofmt", "score": 4}, {"name": "python", "score": 2}, {"name": "pip", "score": 2}, {"name": "cpp", "score": 10}, {"name": "Go modules", "score": 5}, {"name": "golang", "score": 10}, {"name": "protobuf", "score": 1}, {"name": "C", "score": 8}], "data_science": [{"name": "cuda", "score": 1}, {"name": "Keras", "score": 2}, {"name": "Scikit", "score": 2}], "devops": [{"name": "k8s", "score": 4}, {"name": "docker", "score": 8}, {"name": "yum", "score": 9}, {"name": "linux", "score": 1}, {"name": "centos", "score": 1}, {"name": "dnf", "score": 1}, {"name": "Docker", "score": 8}, {"name": "Linux", "score": 4}, {"name": "Makefile", "score": 4}, {"name": "BPF", "score": 2}, {"name": "GitHub", "score": 6}, {"name": "bash", "score": 3}, {"name": "makefile", "score": 9}, {"name": "promu", "score": 6}, {"name": "git", "score": 3}], "qa": [{"name": "golangci-lint", "score": 4}, {"name": "gotestsum", "score": 5}, {"name": "yamllint", "score": 4}], "embedded": [], "gamedev": [], "mobile": [], "other": [{"name": "clang-format", "score": 10}, {"name": "Apache License", "score": 10}, {"name": "protobuf", "score": 8}, {"name": "gogoproto", "score": 2}, {"name": "Python", "score": 8}, {"name": "bash", "score": 8}, {"name": "make", "score": 8}, {"name": "bcc", "score": 1}, {"name": "archspec", "score": 1}, {"name": "GitHub", "score": 4}, {"name": "JSON", "score": 4}, {"name": "Prometheus", "score": 1}]}, "resume": "Разработчик имеет широкий спектр компетенций, включая опыт работы с языками программирования Go, C, C++, Python, а также навыки в области контейнеризации с помощью Docker и управления системами с помощью Linux. Сильными сторонами разработчика можно считать его высокий уровень владения Go, C++, а также умение работать с инструментами мониторинга и визуализации данных Prometheus и Grafana. Однако, есть области, в которых ему необходимо улучшить свои навыки, такие как работа с Keras, Scikit, CUDA и другими инструментами машинного обучения и высокопроизводительных вычислений.", "repo_name": "sustainable-computing-io/kepler"}