{"competencies": {"frontend": [], "backend": [{"name": "c++", "score": 8}, {"name": "steem", "score": 8}, {"name": "C++", "score": 10}, {"name": "RocksDB", "score": 10}, {"name": "C++11", "score": 8}, {"name": "C++14", "score": 8}, {"name": "STL", "score": 8}, {"name": "RPC", "score": 4}, {"name": "Java", "score": 8}, {"name": "rocksdb", "score": 10}, {"name": "boost", "score": 5}, {"name": "PHP", "score": 8}, {"name": "Python", "score": 2}], "data_science": [{"name": "Python", "score": 2}], "devops": [{"name": "cmake", "score": 8}, {"name": "make", "score": 8}, {"name": "aws", "score": 4}, {"name": "bash", "score": 8}, {"name": "git", "score": 4}, {"name": "CMake", "score": 6}, {"name": "Git", "score": 6}, {"name": "Curl", "score": 4}, {"name": "Shell", "score": 8}, {"name": "Phabricator", "score": 2}, {"name": "Sandcastle", "score": 6}, {"name": "Bazel", "score": 8}, {"name": "Buck", "score": 8}], "qa": [{"name": "ctest", "score": 6}, {"name": "Google Test", "score": 10}, {"name": "gtest", "score": 4}], "embedded": [], "gamedev": [], "mobile": [], "other": [{"name": "doxygen", "score": 4}, {"name": "python3", "score": 4}, {"name": "C++", "score": 10}, {"name": "Boost", "score": 8}, {"name": "JSON", "score": 4}, {"name": "Base64", "score": 4}, {"name": "Gzip", "score": 4}]}, "resume": "Разработчик имеет широкий спектр компетенций, особенно в области программирования на C++ и работы с базами данных. Он демонстрирует отличные навыки в использовании C++, STL, RocksDB и Google Test, что говорит о его высокой квалификации в разработке высокопроизводительных приложений. Однако, его знания в таких областях, как Python, Phabricator и Sandcastle, являются ограниченными.", "repo_name": "steemit/steem"}