{"competencies": {"frontend": [{"name": "React", "score": 6}, {"name": "JavaScript", "score": 8}, {"name": "CSS", "score": 3}, {"name": "Redux", "score": 6}, {"name": "Redux Form", "score": 4}, {"name": "PropTypes", "score": 2}, {"name": "HTML", "score": 2}, {"name": "React Click Outside", "score": 2}, {"name": "SCSS", "score": 9}], "backend": [{"name": "postgresql", "score": 3}, {"name": "redis", "score": 3}, {"name": "clickhouse", "score": 3}, {"name": "minio", "score": 1}, {"name": "C#", "score": 10}, {"name": "TLS", "score": 3}, {"name": "DKIM", "score": 3}, {"name": "DNSBL", "score": 2}, {"name": "HELO", "score": 2}, {"name": "Access", "score": 1}, {"name": "Email_parser", "score": 2}, {"name": "node.js", "score": 8}, {"name": "npm", "score": 8}, {"name": "ts-node", "score": 6}, {"name": "Python", "score": 8}, {"name": "Node.js", "score": 9}, {"name": "TypeScript", "score": 8}, {"name": "ts-node-dev", "score": 6}, {"name": "node_modules", "score": 8}, {"name": "yarn", "score": 6}, {"name": "javascript", "score": 4}, {"name": "Go", "score": 2}, {"name": "JavaScript", "score": 8}, {"name": "Ruby", "score": 8}, {"name": "Gem", "score": 9}, {"name": "HTTParty", "score": 4}, {"name": "Ruby-Enum", "score": 4}, {"name": "PHP", "score": 8}, {"name": "GuzzleHttp", "score": 4}, {"name": "nodejs", "score": 9}, {"name": "fs", "score": 2}, {"name": "sea-config", "score": 2}, {"name": "Rust", "score": 4}, {"name": ".NET", "score": 8}, {"name": "go", "score": 8}], "data_science": [{"name": "python", "score": 4}], "devops": [{"name": "helm", "score": 5}, {"name": "kubernetes", "score": 5}, {"name": "apt-get", "score": 6}, {"name": "yum", "score": 6}, {"name": "apk", "score": 6}, {"name": "nvm", "score": 8}, {"name": "Docker", "score": 8}, {"name": "bash", "score": 6}, {"name": "curl", "score": 4}, {"name": "alpine", "score": 5}, {"name": "Fluentd", "score": 8}, {"name": "Gem Release", "score": 4}, {"name": "Dotenv", "score": 4}, {"name": "Git", "score": 4}, {"name": "docker", "score": 8}, {"name": "docker-compose", "score": 8}, {"name": "yml", "score": 6}, {"name": "Kubernetes", "score": 6}, {"name": "Docker Compose", "score": 4}], "qa": [{"name": "Jest", "score": 4}, {"name": "RSpec", "score": 6}, {"name": "RuboCop", "score": 6}, {"name": "Faker", "score": 4}, {"name": "PHPUnit", "score": 6}, {"name": "playwright", "score": 7}], "embedded": [], "gamedev": [], "mobile": [], "other": [{"name": "XML", "score": 8}, {"name": "INI", "score": 1}, {"name": "bash", "score": 8}, {"name": "github", "score": 4}, {"name": "JSON", "score": 6}, {"name": "HTTP", "score": 6}, {"name": "TCP", "score": 4}, {"name": "github.com/bxcodec/faker/v3", "score": 2}, {"name": "github.com/go-errors/errors", "score": 2}, {"name": "github.com/google/uuid", "score": 2}, {"name": "github.com/pkg/errors", "score": 2}, {"name": "npm", "score": 6}, {"name": "Camtasia", "score": 9}, {"name": "protobuf", "score": 10}, {"name": "xml", "score": 3}, {"name": "PowerShell", "score": 8}, {"name": "signtool", "score": 4}, {"name": "postject", "score": 3}, {"name": "TypeScript", "score": 4}]}, "resume": "Разработчик имеет широкий спектр компетенций, включая в себя веб-разработку на React, JavaScript, CSS, SCSS, Node.js, Ruby, PHP и Python. Он также имеет опыт работы с базами данных, такими как Postgres, Redis и Clickhouse. Кроме того, он знаком с контейнеризацией при помощи Docker и управлением приложениями с помощью Kubernetes.\n\nСильные стороны разработчика включают в себя:\n\n* Высокий уровень владения C# и protobuf\n* Хорошее знание JavaScript и Node.js\n* Опыт работы с различными базами данных\n* Знакомство с контейнеризацией и управлением приложениями\n\nСлабые стороны разработчика:\n\n* Низкий уровень владения некоторыми инструментами, такими как Minio, Access и INI\n* Необходимость улучшения навыков в области безопасности, таких как TLS, DKIM и DNSBL.", "repo_name": "OneUptime/oneuptime"}