{"competencies": {"frontend": [], "backend": [], "data_science": [], "devops": [{"name": "SSL/TLS", "score": 10}], "qa": [], "embedded": [], "gamedev": [], "mobile": [], "other": [{"name": "openssl", "score": 10}]}, "resume": "Разработчик имеет глубокие знания и опыт в области безопасности протоколов SSL/TLS, а также отлично знаком с инструментами OpenSSL. Это позволяет ему эффективно решать задачи, связанные с шифрованием и безопасностью данных. Однако, отсутствие информации о других навыках и областях компетенции разработчика не позволяет судить о его общей квалификации и потенциальных слабых сторонах.", "repo_name": "influxdata/chronograf"}