{"competencies": {"frontend": [{"name": "JavaScript", "score": 9}, {"name": "React", "score": 9}, {"name": "CSS", "score": 8}, {"name": "Fela", "score": 8}, {"name": "Babel", "score": 8}, {"name": "Flow", "score": 6}, {"name": "Next.js", "score": 8}, {"name": "Relay", "score": 6}, {"name": "React Intl", "score": 5}, {"name": "redux", "score": 6}, {"name": "SVG", "score": 10}, {"name": "bower", "score": 3}, {"name": "closure-compiler", "score": 2}, {"name": "html5-boilerplate", "score": 2}, {"name": "normalize-css", "score": 2}, {"name": "animate-css", "score": 2}, {"name": "Closure Library", "score": 8}, {"name": "HTML", "score": 7}, {"name": "Bower", "score": 5}, {"name": "babel", "score": 8}, {"name": "CoffeeScript", "score": 6}, {"name": "Stylus", "score": 6}], "backend": [{"name": "Java", "score": 8}, {"name": "OkHttp", "score": 7}, {"name": "Okio", "score": 6}, {"name": "Firebase", "score": 8}, {"name": "Bolt", "score": 6}, {"name": "node.js", "score": 6}, {"name": "npm", "score": 6}, {"name": "javascript", "score": 2}, {"name": "GraphQL", "score": 8}, {"name": "Relay", "score": 9}, {"name": "Flow", "score": 2}, {"name": "PostgreSQL", "score": 6}, {"name": "Prisma", "score": 9}, {"name": "json", "score": 9}, {"name": "graphql", "score": 4}, {"name": "java", "score": 6}, {"name": "gradle", "score": 9}, {"name": "jwt", "score": 4}], "data_science": [], "devops": [{"name": "Gradle", "score": 6}, {"name": "ProGuard", "score": 9}, {"name": "docker", "score": 8}, {"name": "alpine linux", "score": 4}, {"name": "apk", "score": 2}, {"name": "bash", "score": 2}, {"name": "Docker", "score": 8}, {"name": "Docker Compose", "score": 8}, {"name": "nodejitsu", "score": 2}], "qa": [{"name": "XCTest", "score": 6}, {"name": "Jest", "score": 8}], "embedded": [], "gamedev": [], "mobile": [{"name": "Android SDK", "score": 9}, {"name": "React Native", "score": 8}, {"name": "Stetho", "score": 5}, {"name": "tvOS", "score": 6}, {"name": "Objective-C", "score": 8}, {"name": "UIKit", "score": 6}, {"name": "iOS", "score": 4}, {"name": "Android", "score": 8}, {"name": "react-native-vector-icons", "score": 6}, {"name": "react-native-i18n", "score": 6}, {"name": "react-native-fbsdk", "score": 6}, {"name": "react-native-locale", "score": 6}, {"name": "Android Studio", "score": 5}, {"name": "Android NDK", "score": 2}, {"name": "XIB", "score": 10}, {"name": "Interface Builder", "score": 10}, {"name": "Xcode", "score": 8}], "other": [{"name": "Xcode", "score": 10}, {"name": "LLDB", "score": 6}, {"name": "XML", "score": 4}, {"name": "plist", "score": 3}, {"name": "xml", "score": 3}, {"name": "dotenv", "score": 4}, {"name": "Module Resolver", "score": 4}, {"name": "markdown", "score": 8}, {"name": "facebook", "score": 2}, {"name": "twitter", "score": 1}, {"name": "EditorConfig", "score": 8}, {"name": "sublime-text", "score": 1}, {"name": "UTF-8", "score": 1}, {"name": "bash", "score": 8}, {"name": "bower_components/este-library", "score": 2}, {"name": "Sublime Text", "score": 4}, {"name": "Windows", "score": 7}, {"name": "cmd", "score": 6}, {"name": "batch", "score": 6}, {"name": "Flow", "score": 8}, {"name": "Facebook SDK", "score": 6}, {"name": "localhost", "score": 4}]}, "resume": "Разработчик имеет широкий спектр компетенций, включая в себя веб-разработку на JavaScript, React, CSS, а также мобильную разработку на Android и iOS. Сильные стороны разработчика заключаются в его глубоком понимании JavaScript, React, а также в его опыте с GraphQL, Prisma и Docker. Кроме того, он имеет опыт работы с различными фреймворками и библиотеками, такими как Next.js, Relay и Redux.\n\nСлабые стороны разработчика включают в себя ограниченный опыт работы с некоторыми инструментами, такими как Closure Library, OkHttp и Okio, а также относительно низкий уровень владения некоторыми технологиями, такими как Java и Objective-C. Однако, это не является критическим недостатком, поскольку разработчик демонстрирует стремление к обучению и расширению своих навыков.", "repo_name": "este/este"}