{"competencies": {"frontend": [{"name": "HTML", "score": 3}], "backend": [{"name": "Java", "score": 8}, {"name": "MariaDB", "score": 8}, {"name": "Shamrock", "score": 10}, {"name": "JVM", "score": 6}, {"name": "Substrate", "score": 6}, {"name": "Undertow", "score": 4}, {"name": "WildFly", "score": 2}, {"name": "Bytecode", "score": 6}, {"name": "Quarkus", "score": 9}, {"name": "Maven", "score": 7}, {"name": "JSON", "score": 4}, {"name": "JWT", "score": 8}, {"name": "RESTEasy", "score": 6}, {"name": "Hibernate", "score": 6}, {"name": "Netty", "score": 6}, {"name": "Eclipse Vert.x", "score": 6}, {"name": "Apache Camel", "score": 6}, {"name": "OpenJDK", "score": 4}, {"name": "Spring Web", "score": 8}, {"name": "Kotlin", "score": 2}, {"name": "Scala", "score": 2}], "data_science": [], "devops": [{"name": "Ubuntu", "score": 3}, {"name": "Docker", "score": 5}, {"name": "bash", "score": 5}, {"name": "Maven", "score": 8}, {"name": "Linux", "score": 4}, {"name": "Kubernetes", "score": 5}, {"name": "Apache Maven", "score": 8}, {"name": "GitHub Actions", "score": 7}, {"name": "Bash", "score": 3}, {"name": "Apache Maven Plugins", "score": 5}], "qa": [{"name": "JUnit", "score": 6}, {"name": "Rest Assured", "score": 5}], "embedded": [], "gamedev": [], "mobile": [], "other": [{"name": "bash", "score": 8}, {"name": "keytool", "score": 9}, {"name": "GraalVM", "score": 8}, {"name": "XML", "score": 4}, {"name": "Jandex", "score": 4}, {"name": "Graphviz", "score": 8}, {"name": "Asciidoc", "score": 4}, {"name": "Windows Batch", "score": 9}, {"name": "PowerShell", "score": 2}, {"name": "Windows", "score": 4}, {"name": "Linux", "score": 4}]}, "resume": "Разработчик имеет широкий спектр компетенций, особенно веб-разработке на Java и связанных технологиях. Он демонстрирует отличные навыки в работе с Shamrock, Quarkus и GraalVM, что говорит о его опыте в создании высокопроизводительных и масштабируемых приложений. Кроме того, он имеет хорошие знания в области баз данных, в частности, с MariaDB, и опыт работы с различными фреймворками, такими как Spring Web, RESTEasy и Hibernate. Однако его знания в области языков программирования Kotlin и Scala не столь глубоки, что может быть его слабой стороной в определенных проектах.", "repo_name": "quarkusio/quarkus"}