{"competencies": {"frontend": [{"name": "react", "score": 8}, {"name": "react-router-dom", "score": 2}, {"name": "javascript", "score": 6}], "backend": [{"name": "sqlitedict", "score": 8}, {"name": "pymongo", "score": 8}, {"name": "retrying", "score": 6}, {"name": "websocket-client", "score": 4}, {"name": "bottle", "score": 6}, {"name": "gunicorn", "score": 6}, {"name": "Mako", "score": 4}, {"name": "Python", "score": 8}], "data_science": [{"name": "openai", "score": 4}, {"name": "transformers", "score": 4}], "devops": [{"name": "helm", "score": 6}, {"name": "helm-run", "score": 6}], "qa": [], "embedded": [], "gamedev": [], "mobile": [], "other": [{"name": "bash", "score": 8}, {"name": "icetk", "score": 2}]}, "resume": "Разработчик имеет широкий спектр компетенций, включая в себя опыт работы с фронтенд-технологиями, такими как React, и бэкенд-технологиями, такими как Python, Bottle и Gunicorn. Он также знаком с базами данных, включая SQLite и MongoDB. Сильными сторонами разработчика являются его навыки в области веб-разработки и управления базами данных, а также его умение работать с различными инструментами, такими как Helm и Bash. Слабыми сторонами могут быть ограниченный опыт работы с некоторыми технологиями, такими как React Router DOM и Mako, а также относительно низкий уровень знаний в области машинного обучения и искусственного интеллекта (OpenAI и Transformers).", "repo_name": "stanford-crfm/helm"}