{"competencies": {"frontend": [{"name": "CSS", "score": 10}, {"name": "HTML", "score": 3}, {"name": "LESS", "score": 2}, {"name": "JavaScript", "score": 2}], "backend": [{"name": "Java", "score": 8}, {"name": "OAuth", "score": 4}, {"name": "Google Data API", "score": 4}, {"name": "Ruby", "score": 8}, {"name": "Python", "score": 10}, {"name": "codecs", "score": 10}, {"name": "Apache Ant", "score": 6}, {"name": "JMX", "score": 2}, {"name": "JVM", "score": 2}], "data_science": [], "devops": [{"name": "Apache Ant", "score": 6}, {"name": "Shell script", "score": 2}, {"name": "Batch script", "score": 2}], "qa": [], "embedded": [], "gamedev": [], "mobile": [], "other": [{"name": "Eclipse", "score": 9}, {"name": "Windows", "score": 4}]}, "resume": "Разработчик имеет широкий спектр компетенций, включая в себя веб-разработку (HTML, CSS, JavaScript, LESS), программирование на языках Java и Ruby, а также опыт работы с Python и его библиотеками. Сильными сторонами этого разработчика являются его навыки в разработке веб-приложений, особенно с использованием Python, а также опыт работы с различными API и системами управления версиями. Слабыми сторонами можно назвать ограниченный опыт работы с Java и некоторыми инструментами, такими как JMX и JVM.", "repo_name": "OpenRefine/OpenRefine"}