{"competencies": {"frontend": [{"name": "CSS", "score": 10}], "backend": [{"name": "Python", "score": 8}, {"name": "requests", "score": 6}, {"name": "pytz", "score": 4}, {"name": "simplejson", "score": 4}, {"name": "ordereddict", "score": 4}, {"name": "six", "score": 4}, {"name": "python", "score": 9}, {"name": "json", "score": 6}], "data_science": [{"name": "Plotly", "score": 6}, {"name": "Jupyter Notebook", "score": 7}], "devops": [{"name": "git", "score": 8}, {"name": "circleci", "score": 7}], "qa": [{"name": "Nose", "score": 6}, {"name": "nose", "score": 7}], "embedded": [], "gamedev": [], "mobile": [], "other": []}, "resume": "Разработчик имеет широкий спектр компетенций, включая в себя веб-разработку с помощью CSS, а также разработку на языке Python с применением различных библиотек и инструментов. Его сильными сторонами являются навыки в разработке на Python, а также умение работать с данными и визуализировать их с помощью Plotly. Слабыми сторонами можно назвать ограниченный опыт работы с некоторыми библиотеками, такими как pytz, simplejson и ordereddict, а также относительно средний уровень знаний вrequests и Jupyter Notebook.", "repo_name": "plotly/plotly.py"}