{"competencies": {"frontend": [{"name": "JavaScript", "score": 10}, {"name": "CSS", "score": 8}], "backend": [{"name": "Python", "score": 10}, {"name": "postgresql", "score": 8}, {"name": "sql", "score": 9}, {"name": "Elasticsearch", "score": 10}, {"name": "nGram", "score": 5}, {"name": "Postgres", "score": 10}, {"name": "Redis", "score": 10}, {"name": "python", "score": 8}], "data_science": [], "devops": [{"name": "New Relic", "score": 5}, {"name": "Supervisord", "score": 5}, {"name": "SSL/TLS", "score": 5}, {"name": "GitHub Actions", "score": 9}, {"name": "Ubuntu", "score": 6}, {"name": "Shell", "score": 5}, {"name": "supervisor", "score": 8}], "qa": [{"name": "CodeQL", "score": 9}, {"name": "flake8", "score": 6}, {"name": "tox", "score": 8}, {"name": "pytest", "score": 6}], "embedded": [], "gamedev": [], "mobile": [], "other": [{"name": "GNU Lesser General Public License", "score": 2}, {"name": "bash", "score": 3}, {"name": "JSON", "score": 10}, {"name": "Python", "score": 10}, {"name": "Click", "score": 8}, {"name": "Logging", "score": 4}, {"name": "OS", "score": 2}, {"name": "pip", "score": 4}]}, "resume": "Разработчик имеет широкий спектр компетенций, включая высокий уровень владения JavaScript, Python, Elasticsearch, Redis и Postgres. Он также демонстрирует хорошие знания в области баз данных, включая Postgresql и SQL, а также опыт работы с системами управления версиями, такими как GitHub Actions. Однако, есть области, в которых разработчик может улучшить свои навыки, например, nGram, New Relic, Supervisord и SSL/TLS, где его оценки ниже.", "repo_name": "toluaina/pgsync"}