{"competencies": {"frontend": [{"name": "HTML", "score": 3}, {"name": "CSS", "score": 8}], "backend": [{"name": "Django", "score": 8}, {"name": "Jinja2", "score": 6}, {"name": "Python", "score": 10}, {"name": "JSON", "score": 2}, {"name": "JSONP", "score": 2}, {"name": "Grappelli", "score": 1}, {"name": "rest_framework", "score": 10}, {"name": "Django Rest Framework", "score": 10}, {"name": "OAuth", "score": 2}], "data_science": [], "devops": [{"name": "Jenkins", "score": 6}, {"name": "Hudson", "score": 2}, {"name": "Travis CI", "score": 5}, {"name": "Git", "score": 8}], "qa": [{"name": "coverage.py", "score": 5}, {"name": "unittest", "score": 6}, {"name": "Tox", "score": 3}, {"name": "Coverage.py", "score": 6}], "embedded": [], "gamedev": [], "mobile": [], "other": [{"name": "Markdown", "score": 2}, {"name": "XML", "score": 2}, {"name": "Pygments", "score": 2}, {"name": "PyCharm", "score": 2}, {"name": "Eclipse", "score": 2}]}, "resume": "Разработчик имеет широкий спектр компетенций, особенно веб-разработки на Python и Django. Он демонстрирует высокий уровень владения Python, Django и Django Rest Framework, что говорит о его способности разрабатывать сложные веб-приложения. Сильные стороны включают опыт работы с веб-фреймворками, навыки программирования на Python и умение работать с базами данных. Слабыми сторонами можно назвать ограниченный опыт работы с инструментами непрерывной интеграции и тестирования, а также относительно низкую квалификацию в работе с инструментами, такими как Grappelli, Hudson и PyCharm.", "repo_name": "encode/django-rest-framework"}