{"competencies": {"frontend": [{"name": "HTML", "score": 8}, {"name": "CSS", "score": 6}, {"name": "Bootstrap", "score": 9}, {"name": "JavaScript", "score": 4}], "backend": [{"name": "Java", "score": 8}, {"name": "Maven", "score": 9}, {"name": "Apache Maven", "score": 9}, {"name": "Protocol Buffers", "score": 6}, {"name": "go", "score": 6}, {"name": "Python", "score": 8}, {"name": "Go", "score": 8}, {"name": "k8s.io/client-go", "score": 8}, {"name": "glog", "score": 6}, {"name": "ruby", "score": 6}, {"name": "protobuf", "score": 8}, {"name": "gogo", "score": 7}, {"name": "json", "score": 2}, {"name": "math", "score": 1}, {"name": "gofmt", "score": 4}, {"name": "govet", "score": 4}, {"name": "NodeJS", "score": 1}, {"name": "gRPC", "score": 8}, {"name": "protoc-gen-go", "score": 10}, {"name": "GoGoProtobuf", "score": 8}, {"name": "GoProtobuf", "score": 8}, {"name": "gccgo", "score": 2}, {"name": "C++", "score": 2}], "data_science": [{"name": "python", "score": 2}], "devops": [{"name": "Git", "score": 4}, {"name": "GitHub", "score": 4}, {"name": "GPG", "score": 2}, {"name": "git", "score": 4}, {"name": "docker", "score": 9}, {"name": "Bazel", "score": 8}, {"name": "Makefile", "score": 6}, {"name": "protoc", "score": 7}, {"name": "Bazel Rules Go", "score": 6}, {"name": "make", "score": 1}], "qa": [], "embedded": [], "gamedev": [], "mobile": [], "other": [{"name": "Apache Software License", "score": 2}, {"name": "UTF-8", "score": 2}, {"name": "fish", "score": 3}, {"name": "bash", "score": 8}, {"name": "make", "score": 2}, {"name": "Apache Thrift", "score": 10}, {"name": "Apache License", "score": 10}, {"name": "Prometheus", "score": 10}, {"name": "YAML", "score": 8}, {"name": "CLI", "score": 6}, {"name": "GitHub", "score": 2}, {"name": "SHA-256", "score": 2}, {"name": "HTTP Archive", "score": 2}, {"name": "C++", "score": 8}, {"name": "Snappy", "score": 6}, {"name": "g++", "score": 2}, {"name": "Perl", "score": 8}, {"name": "BSD", "score": 2}, {"name": "OpenBSD", "score": 2}, {"name": "NetBSD", "score": 2}, {"name": "C", "score": 8}, {"name": "Win32 API", "score": 9}, {"name": "SSPI", "score": 9}, {"name": "Windows", "score": 9}, {"name": "sed", "score": 2}, {"name": "Go", "score": 6}, {"name": "gccgo", "score": 6}, {"name": "syscall", "score": 4}, {"name": "errno.h", "score": 2}, {"name": "stdint.h", "score": 2}, {"name": "unistd.h", "score": 2}]}, "resume": "Разработчик имеет широкий спектр компетенций, включая в себя веб-разработку (HTML, CSS, Bootstrap, JavaScript), программирование на языках Java, Go, Python, C++, Ruby и Perl. Он также знаком с различными инструментами и технологиями, такими как Maven, Apache Maven, Protocol Buffers, gRPC, Docker, Kubernetes и Prometheus. Сильными сторонами разработчика являются его опыт работы с Go и Protocol Buffers, а также его знания в области веб-разработки и DevOps. Слабыми сторонами можно назвать относительно низкий уровень знаний в области математических вычислений и некоторых других языков программирования, таких как NodeJS и C++.", "repo_name": "grafana/mimir"}