{"competencies": {"frontend": [{"name": "ngx-file-drop", "score": 2}, {"name": "ngx-videogular", "score": 2}, {"name": "fingerprintjs2", "score": 3}, {"name": "ng-lazyload-image", "score": 2}, {"name": "web-animations-js", "score": 2}, {"name": "webpack", "score": 4}, {"name": "zone.js", "score": 2}, {"name": "Angular", "score": 5}, {"name": "npm", "score": 8}, {"name": "angular", "score": 6}], "backend": [{"name": "Python", "score": 8}, {"name": "GitHub API", "score": 6}, {"name": "requests", "score": 4}, {"name": "shutil", "score": 4}, {"name": "os", "score": 4}, {"name": "re", "score": 4}, {"name": "platform", "score": 4}, {"name": "OrderedDict", "score": 4}, {"name": "sys", "score": 2}], "data_science": [], "devops": [{"name": "apt-get", "score": 6}, {"name": "docker", "score": 7}], "qa": [], "embedded": [], "gamedev": [], "mobile": [], "other": [{"name": "bash", "score": 8}, {"name": "curl", "score": 6}, {"name": "xz-utils", "score": 4}, {"name": "ffmpeg", "score": 8}, {"name": "ffprobe", "score": 6}, {"name": "tar", "score": 4}, {"name": "alpine", "score": 5}, {"name": "qemu", "score": 4}]}, "resume": "Разработчик имеет широкий спектр компетенций, включая опыт работы с фронтенд-технологиями, такими как Angular, а также навыки в области бэкенда с использованием Python и различных библиотек. Он также знаком с инструментами автоматизации и системного администрирования, такими как docker, bash и apt-get. Сильными сторонами разработчика являются его глубокие знания в области веб-разработки, системных скриптов и автоматизации, а также опыт работы с различными фреймворками и библиотеками. Однако слабой стороной может быть отсутствие специализации в определенной области, что может привести к поверхностному пониманию некоторых технологий.", "repo_name": "Tzahi12345/YoutubeDL-Material"}