{"competencies": {"frontend": [], "backend": [{"name": "MariaDB", "score": 8}, {"name": "PHP", "score": 9}, {"name": "Python", "score": 2}, {"name": "WordPress", "score": 1}, {"name": "python", "score": 3}, {"name": "sql", "score": 2}, {"name": "nginx", "score": 9}, {"name": "cement", "score": 6}, {"name": "python-apt", "score": 6}], "data_science": [{"name": "csv", "score": 2}], "devops": [{"name": "GitHub Actions", "score": 8}, {"name": "cron", "score": 4}, {"name": "Ubuntu", "score": 2}, {"name": "Nginx", "score": 1}, {"name": "letsencrypt", "score": 2}, {"name": "colorlog", "score": 2}, {"name": "git", "score": 5}], "qa": [], "embedded": [], "gamedev": [], "mobile": [], "other": [{"name": "YAML", "score": 6}, {"name": "bash", "score": 2}, {"name": "markdown", "score": 2}, {"name": "tex", "score": 2}, {"name": "adoc", "score": 2}, {"name": "textile", "score": 2}, {"name": "mustache", "score": 2}]}, "resume": "Разработчик имеет широкий спектр компетенций, особенно веб-разработке и администрировании. Его сильными сторонами являются высокий уровень владения PHP, Nginx и MariaDB, что позволяет ему эффективно разрабатывать и поддерживать веб-приложения. Однако, он имеет относительно низкий уровень владения Python и WordPress, что может быть его слабостью в определённых проектах.", "repo_name": "WordOps/WordOps"}