{"competencies": {"frontend": [{"name": "HTML", "score": 8}, {"name": "CSS", "score": 2}, {"name": "JavaScript", "score": 6}, {"name": "CKEditor", "score": 9}, {"name": "SCSS", "score": 8}, {"name": "Webpack", "score": 6}, {"name": "Bootstrap", "score": 9}, {"name": "SASS", "score": 7}, {"name": "React", "score": 8}, {"name": "PropTypes", "score": 2}, {"name": "evergreen-ui", "score": 6}, {"name": "fuzzaldrin-plus", "score": 4}], "backend": [{"name": "Node.js", "score": 3}, {"name": "Python", "score": 8}, {"name": "Tornado", "score": 9}, {"name": "python", "score": 6}, {"name": "Postgresql", "score": 2}, {"name": "JavaScript", "score": 10}, {"name": "Babel", "score": 8}, {"name": "Perl", "score": 10}, {"name": "PHP", "score": 8}], "data_science": [], "devops": [{"name": "Supervisor", "score": 9}, {"name": "Unix", "score": 7}, {"name": "Linux", "score": 6}, {"name": "dh-virtualenv", "score": 9}], "qa": [{"name": "Arachni", "score": 1}, {"name": "w3af", "score": 1}, {"name": "Skipfish", "score": 1}, {"name": "Dirbuster", "score": 1}, {"name": "ESLint", "score": 10}, {"name": "Prettier", "score": 8}, {"name": "Jest", "score": 6}], "embedded": [], "gamedev": [], "mobile": [], "other": [{"name": "bash", "score": 8}, {"name": "Tor", "score": 1}, {"name": "Proxychains", "score": 1}, {"name": "Curl", "score": 1}]}, "resume": "Разработчик имеет широкий спектр компетенций, включая в себя веб-разработку на HTML, CSS, JavaScript, React, а также опыт работы с фреймворками Bootstrap и evergreen-ui. Сильные стороны разработчика включают в себя высокий уровень владения CKEditor, Bootstrap, Tornado, Perl, ESLint и dh-virtualenv. Слабые стороны - низкий уровень владения Postgresql, Arachni, w3af, Skipfish, Dirbuster, Tor и Proxychains.", "repo_name": "owtf/owtf"}