{"competencies": {"frontend": [], "backend": [], "data_science": [], "devops": [], "qa": [{"name": "Junit", "score": 6}], "embedded": [], "gamedev": [], "mobile": [], "other": [{"name": "Java", "score": 10}, {"name": "Hazelcast", "score": 8}, {"name": "Dropwizard", "score": 4}, {"name": "bucket4j", "score": 8}, {"name": "Codahale Metrics", "score": 6}, {"name": "Slf4j", "score": 4}, {"name": "Gridkit Nanocloud", "score": 4}, {"name": "Vicluster", "score": 4}]}, "resume": "Разработчик имеет широкий спектр компетенций, особенно веб-разработке на Java, с сильными сторонами в разработке тестов и распределенных систем. Его опыт работы с JUnit и Codahale Metrics демонстрирует его способность писать качественный код и следить за производительностью. Однако, ему стоит улучшить навыки в таких областях, как логирование (Slf4j) и кластеризация (Vicluster, Gridkit Nanocloud), где его опыт пока не так обширен.", "repo_name": "bucket4j/bucket4j"}