{"competencies": {"frontend": [{"name": "CSS", "score": 9}, {"name": "AngularJS", "score": 8}, {"name": "JavaScript", "score": 2}, {"name": "Node.js", "score": 2}], "backend": [{"name": "Python", "score": 10}, {"name": "docopt", "score": 8}, {"name": "json", "score": 4}, {"name": "subprocess", "score": 4}, {"name": "glob", "score": 4}, {"name": "logging", "score": 4}, {"name": "traceback", "score": 4}, {"name": "os", "score": 10}, {"name": "sys", "score": 10}, {"name": "AWS", "score": 10}, {"name": "EC2", "score": 10}, {"name": "JSON", "score": 5}, {"name": "Moto", "score": 5}, {"name": "LocalStack", "score": 5}, {"name": "CloudFormation", "score": 5}, {"name": "Java", "score": 6}, {"name": "Maven", "score": 4}, {"name": "maven", "score": 9}], "data_science": [], "devops": [{"name": "brew", "score": 3}, {"name": "xcrun", "score": 2}, {"name": "bash", "score": 4}, {"name": "supervisord", "score": 8}, {"name": "docker", "score": 4}, {"name": "make", "score": 4}, {"name": "Helm", "score": 8}, {"name": "Go", "score": 2}, {"name": "Kubernetes", "score": 6}, {"name": "DNS", "score": 1}, {"name": "terraform", "score": 8}, {"name": "Git", "score": 8}], "qa": [], "embedded": [], "gamedev": [], "mobile": [], "other": [{"name": "zlib", "score": 2}, {"name": "readline", "score": 2}, {"name": "openssl", "score": 2}, {"name": "SQLite", "score": 2}, {"name": "bash", "score": 8}]}, "resume": "Разработчик имеет широкий спектр компетенций, включая опыт работы с фронтенд-технологиями, такими как CSS и AngularJS, а также с бэкенд-технологиями, такими как Python, Node.js и Java. Он также знаком с облачными сервисами AWS, EC2 и Kubernetes, а также имеет опыт работы с инструментами автоматизации, такими как Ansible. Однако у него есть пробелы в знаниях JavaScript, Go и DNS.", "repo_name": "localstack/localstack"}