{"competencies": {"frontend": [{"name": "ember", "score": 8}, {"name": "javascript", "score": 8}, {"name": "html", "score": 4}, {"name": "HTML", "score": 8}, {"name": "CSS", "score": 6}, {"name": "JavaScript", "score": 1}], "backend": [{"name": "SQL", "score": 10}, {"name": "Apache ZooKeeper", "score": 8}, {"name": "Apache Thrift", "score": 6}, {"name": "SLF4J", "score": 4}, {"name": "Apache Commons Lang", "score": 4}, {"name": "Apache Commons IO", "score": 4}, {"name": "Java", "score": 8}, {"name": "ANTLR", "score": 2}, {"name": "JSON", "score": 6}, {"name": "org.json", "score": 4}, {"name": "java", "score": 9}, {"name": "jdk", "score": 9}, {"name": "Maven", "score": 5}, {"name": "Python", "score": 1}, {"name": "go", "score": 5}, {"name": "Apache Pinot", "score": 9}], "data_science": [{"name": "Apache Pinot", "score": 8}, {"name": "Apache Spark", "score": 9}], "devops": [{"name": "Bitnami", "score": 2}, {"name": "Kubernetes", "score": 3}, {"name": "Helm", "score": 2}, {"name": "Apache Maven", "score": 8}, {"name": "Docker", "score": 8}, {"name": "Git", "score": 4}, {"name": "Linux", "score": 3}, {"name": "Apache ZooKeeper", "score": 6}, {"name": "helm", "score": 10}, {"name": "kubernetes", "score": 10}, {"name": "bash", "score": 5}, {"name": "wget", "score": 2}, {"name": "Prometheus", "score": 3}, {"name": "Maven", "score": 2}], "qa": [{"name": "TestNG", "score": 4}, {"name": "qunit", "score": 6}, {"name": "ember-qunit", "score": 6}], "embedded": [], "gamedev": [], "mobile": [], "other": [{"name": "Apache License", "score": 1}, {"name": "SHA-256", "score": 1}, {"name": "XML", "score": 2}, {"name": "bash", "score": 8}, {"name": "sed", "score": 4}, {"name": "tr", "score": 2}, {"name": "cygpath", "score": 2}, {"name": "cygwin", "score": 2}, {"name": "JSON", "score": 8}, {"name": "HTML", "score": 1}, {"name": "GitHub", "score": 1}, {"name": "RST", "score": 1}, {"name": "PNG", "score": 1}, {"name": "YAML", "score": 4}, {"name": "Protocol Buffers", "score": 8}, {"name": "mustache", "score": 8}, {"name": "Sphinx", "score": 8}, {"name": "Batch", "score": 6}]}, "resume": "Разработчик имеет широкий спектр компетенций, включая опыт работы с различными технологиями и инструментами. Сильными сторонами можно считать его глубокое знание Java, SQL, Apache Spark и Apache Pinot, а также опыт работы с Kubernetes и Helm. Кроме того, он знаком с различными инструментами, такими как Maven, Docker и Git.\n\nСлабыми сторонами можно считать относительно низкий уровень знаний в таких областях, как Python, Go, Linux и некоторых других. Однако, в целом, разработчик демонстрирует широкий спектр навыков и знаний, что позволяет ему эффективно работать в различных проектах.", "repo_name": "apache/pinot"}