{"competencies": {"frontend": [], "backend": [{"name": "Python", "score": 9}, {"name": "os", "score": 2}, {"name": "python", "score": 10}], "data_science": [{"name": "pandas", "score": 6}], "devops": [{"name": "CircleCI", "score": 4}], "qa": [{"name": "pytest", "score": 7}], "embedded": [], "gamedev": [], "mobile": [], "other": [{"name": "demisto-sdk", "score": 10}, {"name": "demisto_py", "score": 8}, {"name": "freezegun", "score": 4}, {"name": "coloredlogs", "score": 4}, {"name": "blessings", "score": 4}, {"name": "prettytable", "score": 4}, {"name": "SEKOIAIntelligenceCenter", "score": 8}, {"name": "Packs", "score": 10}, {"name": "YAML", "score": 8}, {"name": "Demisto", "score": 6}]}, "resume": "Разработчик имеет глубокие знания и опыт работы с Python, демонстрируя высокий уровень мастерства в этом языке программирования. Он также показывает отличную квалификацию в разработке пакетов и интеграции с Demisto, а его навыки в работе с pandas и YAML свидетельствуют об умении работать с данными и конфигурационными файлами. Однако его знания в области операционных систем и некоторых вспомогательных библиотек, таких как coloredlogs, blessings и prettytable, могут быть несколько ограниченными.", "repo_name": "demisto/content"}