{"competencies": {"frontend": [], "backend": [{"name": "postgresql", "score": 9}, {"name": "go", "score": 4}, {"name": "Go", "score": 8}, {"name": "PostgreSQL", "score": 6}], "data_science": [], "devops": [{"name": "docker", "score": 2}, {"name": "Docker", "score": 9}, {"name": "Bash", "score": 5}, {"name": "Git", "score": 4}, {"name": "Linux", "score": 4}], "qa": [{"name": "bats", "score": 2}, {"name": "Bats", "score": 3}], "embedded": [], "gamedev": [], "mobile": [], "other": [{"name": "bash", "score": 8}, {"name": "yaml", "score": 6}]}, "resume": "Разработчик имеет широкий спектр компетенций, включая опыт работы с базами данных PostgreSQL, языками программирования Go и Bash, а также навыки работы с контейнеризацией Docker. Его сильные стороны заключаются в глубоком понимании PostgreSQL и Docker, а также в умении работать с Bash. Слабые стороны включают ограниченный опыт работы с Git, Linux и bats, что может требовать дополнительного обучения или практики для достижения более высокого уровня квалификации.", "repo_name": "dolthub/doltgresql"}