{"competencies": {"frontend": [{"name": "TypeScript", "score": 8}, {"name": "Electron", "score": 8}], "backend": [{"name": "Python", "score": 7}, {"name": "libtorrent", "score": 6}], "data_science": [], "devops": [{"name": "GitHub Actions", "score": 5}], "qa": [], "embedded": [], "gamedev": [], "mobile": [], "other": [{"name": "hydralauncher", "score": 1}, {"name": "Reddit API", "score": 4}, {"name": "SteamGridDB API", "score": 4}, {"name": "BitTorrent", "score": 4}, {"name": "HLTB API", "score": 3}]}, "resume": "Разработчик имеет широкий спектр компетенций, включая опыт работы с TypeScript, Electron и Python, что позволяет ему разрабатывать сложные приложения с использованием этих технологий. Сильные стороны разработчика заключаются в его умении работать с TypeScript и Electron. Однако ему требуется улучшить навыки в таких областях, как libtorrent, GitHub Actions и hydralauncher, где его опыт ограничен.", "repo_name": "hydralauncher/hydra"}