{"competencies": {"frontend": [], "backend": [{"name": "Python", "score": 10}, {"name": "FastAPI", "score": 10}, {"name": "FastAPI JWT Auth", "score": 8}, {"name": "SQLAlchemy", "score": 4}], "data_science": [{"name": "langgraph", "score": 8}, {"name": "openai", "score": 8}, {"name": "langchain-openai", "score": 8}, {"name": "llama-index", "score": 6}, {"name": "pymupdf", "score": 4}, {"name": "shapely", "score": 4}], "devops": [], "qa": [], "embedded": [], "gamedev": [], "mobile": [], "other": [{"name": "bisheng-ragas", "score": 2}, {"name": "filetype", "score": 2}, {"name": "JSON", "score": 6}, {"name": "Type Hints", "score": 6}]}, "resume": "Разработчик имеет глубокие знания и опыт работы с Python, а также высокий уровень мастерства в создании веб-приложений с помощью FastAPI. Он также знаком с различными библиотеками и фреймворками, такими как langgraph, openai и langchain-openai, что позволяет ему работать с языковыми моделями и искусственным интеллектом. Однако у него есть пробелы в знаниях по таким темам, как SQLAlchemy, pymupdf и shapely, поэтому ему может потребоваться дополнительная практика или обучение для улучшения навыков в этих областях.", "repo_name": "dataelement/bisheng"}